name,index
SP110,0
GTPBA,1
SNX2,2
FRG1,3
TT21A,4
RHG18,5
AR,6
DOCK1,7
RAB1A,8
MUC1.HMFG2,9
H2B1L,10
RFC1,11
TXTP,12
MER34,13
IL.3,14
FXR2,15
ARMD3,16
ZDHC9,17
KAPCA,18
HH3,19
ZBT21,20
F149B,21
PDE10,22
PCD18,23
PEBB,24
PRI1,25
NU214,26
TNAP,27
JHD2C,28
MIC19,29
CD213A2,30
HYEP,31
ZFR,32
PUF60,33
GPAT3,34
DIDO1,35
CD185,36
AT12A,37
TATD1,38
ZN341,39
RPB3,40
APOC3,41
TCR.VY9,42
HS90B,43
EMAL6,44
WFS1,45
RS9,46
PGK2,47
TYW2,48
EF1B,49
IMB1,50
ACADM,51
PAR6A,52
CAP1,53
CD357,54
RGS7,55
TCTP,56
EXOS9,57
RT34,58
SQSTM,59
TBA1A,60
ENOPH,61
BAP18,62
AQR,63
SMRC1,64
FRIH,65
HS105,66
MORN3,67
TIM23,68
K1143,69
CXB3,70
CD72,71
UBP25,72
ECP,73
EF2,74
NSF1C,75
CD196,76
SPDE3,77
CCR10,78
PON2,79
PURB,80
PLCG2,81
TCPD,82
CPNE3,83
TCRG,84
MAOX,85
PEPL,86
NUF2,87
RYR2,88
LIMC1,89
CHM2B,90
LNX1,91
MARCS,92
ATP5E,93
ZBED6,94
FA47C,95
UBE4B,96
AAMDC,97
CGAS,98
AL1L1,99
PDE1A,100
VIR,101
AKP8L,102
APC,103
PLXD1,104
RNZ2,105
MYPC3,106
MRP5,107
PROF2,108
UBA3,109
ZN599,110
TCR.VB13.2,111
TTC1,112
NOP58,113
RL27A,114
INVO,115
IF16,116
SNX15,117
ARL8B,118
UNC80,119
RMD1,120
CD141,121
CS044,122
MXRA5,123
S10A6,124
LORF2,125
NDKB,126
CD56.1,127
EPB42,128
DIRC2,129
COPZ1,130
ECH1,131
SYNE1,132
MBB1A,133
GTF2I,134
PTN1,135
PGTB2,136
TRPM6,137
CORO7,138
DJC13,139
O14K1,140
PLIN3,141
LDHA,142
PP2BA,143
COPE,144
DPOLA,145
FHL5,146
SNX9,147
F200B,148
CD10,149
MPV17,150
STAT3,151
PAR3L,152
INT13,153
RPB11,154
CTL2,155
PACN1,156
GLYG2,157
KMT2B,158
LXN,159
RFA1,160
DPOG1,161
O10J4,162
SYVC,163
OCAD1,164
FANCM,165
RPC2,166
SYLC,167
TRAP1,168
KIF25,169
ABCA5,170
CP26B,171
CCNK,172
ZNF85,173
MDM4,174
NIPBL,175
HECW1,176
P63,177
ADPRM,178
CD275,179
FAAA,180
TEBP,181
RN103,182
MYO16,183
SAM15,184
SCRB2,185
NCF2,186
NU160,187
CD88,188
KNTC1,189
BTK,190
PPIA,191
CD300,192
CSTN3,193
CADH4,194
CO4A1,195
DGKQ,196
THYN1,197
ALDR,198
BMX,199
PRPS1,200
KMO,201
CD85J,202
PPR3A,203
ZO3,204
BAZ1A,205
K1C19,206
F120C,207
RNF12,208
VILI,209
GYS2,210
DHRS9,211
PDE3A,212
ENOG,213
PSMD2,214
MCFD2,215
VISTA,216
DCC1,217
TPPC8,218
KPRA,219
ATD3A,220
BRCA2,221
P5F1B,222
CAND1,223
AT11B,224
IGBP1,225
ARLY,226
GBP7,227
SYNEM,228
ZAN,229
NUP98,230
PDS5A,231
IF4A1,232
BRD8,233
MPRIP,234
ANR62,235
MINY3,236
ATAD1,237
KGD4,238
CYTSB,239
TCR.VBETA13.1,240
RL12,241
CUL1,242
PI42B,243
PLCB3,244
LMTK1,245
TUT4,246
SPSY,247
SSRG,248
MYOF,249
PAAT,250
GCP2,251
ECI2,252
ZMYM1,253
GAB3,254
DHB11,255
SGT1,256
TAM41,257
IGG4.IH,258
SCFD1,259
GUAA,260
NFIL3,261
CHM1A,262
DUS10,263
PUS1,264
PPRC1,265
VEGFA,266
MSH5,267
DQX1,268
BAG3,269
SAP,270
F184B,271
KRIT1,272
FXL19,273
NUP50,274
HS71L,275
MTUS2,276
GPTC4,277
PGC1A.P,278
CO8B,279
E2AK2,280
IMDH1,281
PTK7,282
STK24,283
ILK,284
ABCA7,285
PDPN,286
TXN4A,287
HMR1,288
RL26,289
DIRA3,290
BUB3,291
ACTS,292
ZN626,293
ARP19,294
ILKAP,295
PPAC,296
MYOM1,297
MRP1,298
SC2B2,299
CNN3,300
PAI2,301
THIOM,302
VPS41,303
CDK6,304
STK31,305
CAV1,306
SCPDL,307
CHIKV,308
COCA1,309
SMRD1,310
PRG4,311
WASP,312
PCSK9,313
IL.21,314
UGGG1,315
KI18A,316
ENO1,317
ZN292,318
MAGT1,319
CD282,320
ASPDH,321
ARSG,322
RT23,323
CL079,324
CX3CR1,325
NDUBB,326
FBP1L,327
ECI1,328
CLK1,329
CRNL1,330
ACSL3,331
AFAD,332
RB11A,333
STRAB,334
CC90B,335
1433G,336
CADHERIN,337
RRAS2,338
RTL1,339
GADL1,340
DSG4,341
GRSF1,342
TCRB,343
COA3,344
PRC2B,345
NXPE2,346
ATPD,347
ECM29,348
TDH,349
CL004,350
AJM1,351
UQCC1,352
LYRM2,353
CDN2A,354
SAHH,355
RBM4,356
RL18,357
OVOL2,358
TE2IP,359
GYS1,360
PPM1D,361
ANTR2,362
RHG31,363
PSMD4,364
CD85A,365
LIN41,366
RL7L,367
CRK,368
DHX16,369
TBC31,370
DAPK1,371
EVPL,372
CPNE1,373
LAMA3,374
LRRN1,375
RL18A,376
CAN14,377
EFL1,378
RL19,379
RL22,380
THTR,381
ALG1,382
CS,383
ARP5L,384
EMAL4,385
TS1R1,386
TNPO1,387
COR1B,388
MYLK,389
ALG3,390
CD35,391
NRBP,392
COPA,393
CD229,394
DCTP1,395
RYBP,396
TX1B3,397
TRI60,398
WASF3,399
STIL,400
IKZF1,401
BCCIP,402
ZMY15,403
SNED1,404
ALPK3,405
CPNE6,406
GCC2,407
DDX6,408
FLOT2,409
LONP2,410
CELR3,411
DPP8,412
LAP,413
VPS4B,414
SH3G1,415
DNAS1,416
MTND,417
CD8,418
CISD2,419
CD90,420
COX5A,421
EIF2A,422
PSMD1,423
ADCK1,424
YK004,425
ATX2L,426
DLDH,427
NDST3,428
CENPC,429
STK19,430
PARVB,431
DDX49,432
F157A,433
OVGP1,434
SYUA,435
LMTK3,436
CD85H,437
TCPQ,438
NOL11,439
R10B1,440
FAKD4,441
APLP2,442
NUCB1,443
SEM3C,444
GLYG,445
TOM20,446
CD257,447
PABP5,448
RM53,449
HECD1,450
CD133,451
PPIL3,452
KCC4,453
AUTS2,454
PCH2,455
CD62L,456
SNRK,457
NPM3,458
CD210,459
CD11A,460
RT24,461
ARVC,462
MBNL2,463
PAQR1,464
HCK,465
ELMO3,466
PGAP1,467
RS18,468
CD252,469
CHFR,470
NELL1,471
PEX6,472
TTLL8,473
RGS8,474
TCP4,475
KEAP1,476
KIN17,477
SAE1,478
GARL3,479
PCD19,480
ZNF81,481
NFAT,482
CLEC1B,483
IL17F,484
SPT5H,485
CD7,486
SMAP,487
ADT4,488
TTC17,489
VATE1,490
CD123,491
ZN641,492
AGRV1,493
NH2L1,494
VWC2L,495
UHRF2,496
HDC,497
CD44,498
TSN11,499
UAP1,500
NRDC,501
FKBP4,502
CFA54,503
GDE,504
TCR.GAMMA,505
ARMT1,506
HEAT3,507
AT5EL,508
SYBU,509
CA2D4,510
CD107B,511
RS5,512
CD178,513
PP1G,514
GCNA,515
S1PROBE,516
ZFAT,517
PK3CA,518
ATX10,519
MED24,520
ARP3,521
PHF5A,522
VAMP5,523
SPICE,524
PPR3D,525
RXRG,526
PSB5,527
CIR1,528
CNGB3,529
TBA4A,530
NID1,531
CS2IP,532
NEXN,533
EST1,534
H2A1D,535
RAGP1,536
IST1,537
THOC4,538
GALECTIN9,539
GMPR1,540
STRC,541
TCPA,542
SLIK3,543
AKP13,544
SET1B,545
HEBP1,546
SCAM2,547
ESYT2,548
SNR40,549
FKBP9,550
IFNA,551
RT10,552
CBPD,553
TMA7,554
HLA.E,555
RTN3,556
SG3A2,557
INTEGRIN.A9B1,558
CRML,559
PRP16,560
AP1M2,561
PCX1,562
SLIK4,563
CD94,564
CD276,565
AK1C3,566
EMAL2,567
PEX5,568
VINEX,569
MEX3D,570
SQOR,571
RBM10,572
FAT2,573
PP2AB,574
TBB2B,575
RPR1B,576
ZC3H3,577
ANXA1,578
SLIK1,579
RS16,580
CD16B,581
FXR1,582
TP53B,583
BTNLA,584
RPB7,585
RALY,586
PSB4,587
CP250,588
EIF3J,589
CD365,590
MTPN,591
AT11A,592
DCAF5,593
ZN840,594
TM52B,595
ARFG2,596
ZN596,597
SHLB2,598
PSMF1,599
HNRPQ,600
SYCC,601
IDUA,602
SYQ,603
UN13D,604
CCD70,605
PRRT4,606
CC124,607
DREB,608
PTH2R,609
SAM14,610
F162A,611
ZN425,612
PDE4A,613
TOM22,614
DX39B,615
NUDT5,616
CABP7,617
S29P2,618
CSN3,619
NOL10,620
MTMR6,621
RLA1,622
APC7,623
PFD6,624
NBEA,625
NCOA5,626
ACADS,627
BRCA1,628
HARB1,629
CD019,630
MATR3,631
IQGA1,632
PRS8,633
CLD10,634
CX7A2,635
NUDC2,636
P3C2B,637
ARPC5,638
GPCP1,639
AUHM,640
TRRAP,641
TCR.Y.D,642
S6,643
LTOR5,644
KRR1,645
TCPR1,646
WBP1,647
FGD6,648
BTF3,649
HPLN1,650
PFD4,651
ZC11A,652
WDR82,653
CD215,654
RLA0,655
TBX2,656
DDX56,657
INSL3,658
ZNT3,659
SERP3,660
METK2,661
CTBL1,662
POF1B,663
GRAP2,664
PLAK,665
PESC,666
HMMR,667
CB078,668
CRBG3,669
OSGEP,670
CD108,671
H1X,672
CD352,673
RPGF5,674
5MP2,675
TFAP4,676
ZN519,677
CD45RB,678
ZN608,679
TENS1,680
EIF3E,681
IFNA2,682
PRA33,683
CF20D,684
ATP5J,685
LRRF1,686
UBX2A,687
UQCC2,688
CA159,689
MUCL3,690
AKTS1,691
RAB8B,692
PLPL2,693
VSXL2,694
ABCAC,695
DYST,696
RNFT2,697
UTP4,698
HXC10,699
CFA74,700
CPIN1,701
RASN,702
FBSL,703
PRP8,704
CD182,705
DNJC2,706
TCR.VA7,707
SH3B4,708
RS8,709
NDKA,710
ESPNL,711
MEG10,712
SNX29,713
RPB9,714
UT14A,715
UBF1,716
FKBP5,717
EPAS1,718
SYSC,719
AOL,720
ZN471,721
PLOD2,722
KHDR1,723
HERC3,724
CPT2,725
TM1L1,726
KIRS.PE,727
MMP25,728
TM104,729
CD4,730
DDX41,731
MED17,732
ACL6A,733
CD165,734
DHB13,735
ZCH18,736
MAGB1,737
PR40B,738
CCDC6,739
UBP44,740
PLD2,741
SCG2,742
ETAA1,743
CDV3,744
RBGPR,745
CD5,746
PINX1,747
TSN13,748
ARRS,749
VN1R5,750
M4K4,751
DENR,752
RPN1,753
OR6K6,754
PAIP1,755
UBP48,756
ERP44,757
CCG6,758
UGDH,759
GL1AD,760
KINH,761
TGO1,762
CYB5B,763
RGS5,764
ENSA,765
H90B4,766
MYH6,767
UROK,768
RRP5,769
KANL1,770
CHSP1,771
MYO3B,772
DBNL,773
KALM,774
MAGB3,775
SPTB1,776
API5,777
CD207,778
CPPED,779
TBCE,780
CLC2B,781
CX6B1,782
FBRL,783
PSME1,784
AGRB1,785
OR1L1,786
HYDIN,787
TRPC1,788
EFNA1,789
CEP55,790
RTCA,791
BCL9L,792
ARP2,793
ODP2,794
COX41,795
CH086,796
GCDH,797
ZN582,798
TCF7,799
CCD89,800
PRTN3,801
CCD86,802
PBDC1,803
BLM,804
RSLBB,805
CFAI,806
ULK1,807
IGSF1,808
SMC1A,809
SHOC2,810
DJC11,811
POP7,812
HSDL2,813
SUV3,814
UGPA,815
PEBP1,816
SUMO2,817
RM17,818
ACLY,819
CTND2,820
ICAM5,821
NONO,822
LARP4,823
EWS,824
MED1,825
MCR,826
TCR.1,827
DNJC4,828
SRRM2,829
CD381,830
DDX21,831
CD274,832
RT09,833
GOLI4,834
ZC12C,835
NPSR1,836
TLK2,837
ZNF41,838
PNPH,839
PLPP7,840
GDIR2,841
LIMA1,842
HAOX2,843
GBRA1,844
ADAS,845
CNN1,846
CPSF2,847
ATLA3,848
ERIC1,849
PYGL,850
PELO,851
SMC2,852
CD3,853
TF65,854
AR13B,855
ARF4,856
SYNP2,857
ROBO1,858
PGRP4,859
CENPV,860
AKAP1,861
C1S,862
NACA2,863
SYIM,864
SAFB2,865
NOP53,866
XRCC6,867
ABLM3,868
TEKT1,869
FBW1B,870
NTPCR,871
NKD1,872
DDI2,873
ELAV1,874
CALM1,875
OR6Y1,876
BRI3B,877
OGT1,878
KAD3,879
SNX6,880
XBP1,881
CBPC4,882
PPP5,883
PLSL,884
ICAL,885
TCR.VA24.JA18,886
TDIF2,887
PCY1A,888
ARHGI,889
BBS2,890
CD49A,891
UBP42,892
UBE3A,893
TBB6,894
PP2AA,895
ALDH2,896
DEN4C,897
A4,898
UBP31,899
RTEL1,900
TTC22,901
PXDC1,902
VIP1,903
AGRA3,904
UBP11,905
ZBED4,906
PRDX6,907
IF172,908
ORC5,909
SF3A2,910
NNMT,911
GLR,912
PCKGM,913
NRG2,914
STAU1,915
BD1L1,916
CARL1,917
MUC21,918
TRIPB,919
CD054,920
ALKB5,921
CY24A,922
KCY,923
M3K6,924
SYNC,925
PCDH8,926
SCAF4,927
LELP1,928
NHP2,929
JUPI2,930
TRUB1,931
RU2A,932
CFA58,933
CERS2,934
RAP2B,935
PYAS1,936
SRSF9,937
SOX9,938
CD8B.2ST8.5H7,939
EFC11,940
TIAM1,941
ADCY1,942
CPT1A,943
ACOT9,944
FERM1,945
PSMD5,946
AATC,947
EMC2,948
GNAS2,949
ERB,950
ARHGB,951
SYYM,952
C1QBP,953
FANK1,954
PSB1,955
GDN,956
STT3A,957
LGSN,958
CD97,959
PSMG1,960
CC178,961
PUR4,962
CD158E1,963
MF2L2,964
PA24C,965
SCML1,966
TRPV5,967
ATRX,968
XRN2,969
CTNA2,970
DNJC9,971
NEUL,972
HNRL1,973
SMCA2,974
KRT85,975
CAVN2,976
MUC5A,977
DRC2,978
KCNH8,979
TDRD5,980
UTP11,981
VP13C,982
TM109,983
MAT2B,984
NU188,985
CNPY4,986
LAT2,987
PSMD9,988
CD324,989
SPAG7,990
BUD31,991
ATG3,992
ARFP2,993
COPG2,994
PEAK3,995
LARG1,996
CILK1,997
WDR44,998
CPSM,999
REN3B,1000
CD307C,1001
OTOGL,1002
ASAH1,1003
RSF1,1004
PIN1,1005
PIR,1006
C2D4D,1007
ANXA9,1008
SMS2,1009
TPP1,1010
TTBK2,1011
VP13B,1012
CD49C,1013
ACATN,1014
TS101,1015
CCYL1,1016
TSPAN33.BAAM,1017
SPRE,1018
CILP2,1019
DUOX1,1020
FACE1,1021
HARS1,1022
HAP28,1023
PFKAL,1024
COPG1,1025
RS25,1026
SP16H,1027
PHYIP,1028
PUS7,1029
S12A5,1030
S10AD,1031
DRA,1032
LEG4,1033
TBCC1,1034
CASPC,1035
ZMYM4,1036
HMGB3,1037
CHMP5,1038
BLIMP1,1039
S35B2,1040
CD32,1041
DCTN1,1042
CAB39,1043
HDBP1,1044
COL10,1045
GP108,1046
IL37,1047
NOP2,1048
SCNNA,1049
NSDHL,1050
ELYS,1051
OMGP,1052
CD63,1053
SBDS,1054
PGAP3,1055
CENPR,1056
ZN700,1057
MAN1,1058
NAA25,1059
ACINU,1060
UBP10,1061
HPHL1,1062
ATD3B,1063
JADE2,1064
DYH14,1065
RT27,1066
XRCC5,1067
SCN4A,1068
CD46,1069
PRC2C,1070
ARF6,1071
EIF1,1072
ZN843,1073
VATA,1074
KLHL6,1075
APOC1,1076
TKT,1077
SPT2,1078
RL37,1079
VAMP3,1080
ZC3H1,1081
ZKSC1,1082
PISD,1083
CFA52,1084
KAP0,1085
MET,1086
PLCH2,1087
H2B1A,1088
DOPAMINERECEPTORD4,1089
COR1C,1090
FLIP1,1091
SNUT1,1092
CD304,1093
PFD5,1094
CD53,1095
COX18,1096
PPGB,1097
RM24,1098
NAGK,1099
VWF,1100
NRF1,1101
STRAP,1102
BC102,1103
PADI3,1104
UB2J1,1105
DEND3,1106
FOSB,1107
TPPC5,1108
MIRO1,1109
PP38,1110
EPHB2,1111
AGK,1112
NDUF4,1113
SIR6,1114
CKS1,1115
PIDD1,1116
SIA7A,1117
HBA,1118
MGST2,1119
CC192,1120
RL30,1121
IL.2,1122
LRRC7,1123
M2OM,1124
GDPD4,1125
CHSS1,1126
PNCB,1127
CD158A.H,1128
FA20C,1129
ZN543,1130
CYBP,1131
AAAS,1132
RS29,1133
CD270,1134
COX2,1135
TMM94,1136
AGFG1,1137
G3BP1,1138
CD218A,1139
OGDH,1140
BCAR3,1141
ARL3,1142
F117B,1143
I2BP1,1144
FAF2,1145
AF9,1146
ATIF1,1147
ASNS,1148
FINC,1149
M18BP,1150
TNPO3,1151
RHG15,1152
CPSF3,1153
GAK,1154
MCM8,1155
URP2,1156
RM43,1157
PAF15,1158
IRPL2,1159
SETD2,1160
VATF,1161
IL.28A,1162
DHE3,1163
S38A1,1164
RAB13,1165
UCRIL,1166
PAR12,1167
RL24,1168
CD49E,1169
GLUD12,1170
TETRAMER.1,1171
GSTK1,1172
RHPN2,1173
MPP10,1174
GATA2,1175
RPAP3,1176
RBMX,1177
LZIC,1178
FER,1179
CAPG,1180
PSPC1,1181
CD209,1182
GFOD2,1183
CUTA,1184
DPM3,1185
AN36C,1186
ILRL2,1187
LIS1,1188
TRM1,1189
RM39,1190
GNPTA,1191
LYAR,1192
PAX5,1193
CAYP1,1194
PTMS,1195
EDF1,1196
ASAP3,1197
TRI29,1198
ZIM3,1199
NU5M,1200
ZN638,1201
AK1C1,1202
CD179B,1203
CMBL,1204
Z354B,1205
ACSA,1206
ACPH,1207
KCNG2,1208
NCF1B,1209
SCRN1,1210
TRIM8,1211
MYO1C,1212
ADCK2,1213
ADNP,1214
SYDC,1215
GGA3,1216
CD115,1217
KS6R,1218
CFA20,1219
SSF1,1220
SAMD9,1221
GRWD1,1222
THIK,1223
NELFD,1224
PAN2,1225
COF1,1226
SETB1,1227
UBA1,1228
ZN436,1229
BIP,1230
LMNA,1231
RPB1B,1232
GRHL1,1233
NEDD1,1234
TRH,1235
PDE4D,1236
DISIALOGANGLIOSIDE.GD2,1237
HNRH1,1238
SFXN3,1239
WDR17,1240
Z585A,1241
CLIP2,1242
FAT4,1243
NB5R3,1244
ASB15,1245
BM2KL,1246
FAS,1247
PLAP,1248
TM1L2,1249
ESYT1,1250
UB2E1,1251
DEMA,1252
RDH16,1253
PI3R5,1254
SNX3,1255
ODPA,1256
APTX,1257
MON2,1258
PARP2,1259
HD,1260
H10,1261
PRP6,1262
P4R3A,1263
RAB28,1264
H2B1M,1265
ERLEC,1266
ARK72,1267
PDGFC,1268
CEBPA,1269
PCDGI,1270
SHOT1,1271
ANXA7,1272
SCOT1,1273
GNA1,1274
TFP11,1275
OST48,1276
TNAP2,1277
ZHX2,1278
IDH1,1279
KI67,1280
PDXK,1281
HNRPL,1282
DHX32,1283
TIE1,1284
CD62P,1285
RUFY2,1286
TYB10,1287
TEF,1288
NBEL2,1289
FBX5,1290
OTUB1,1291
RHEX,1292
CXA8,1293
COP1,1294
EIF3D,1295
DC2I2,1296
ERCC6,1297
GALT8,1298
NDUAA,1299
KPB1,1300
VWDE,1301
HEM6,1302
CO3,1303
COX8A,1304
RUFY1,1305
MAP1A,1306
SYWC,1307
AF1L2,1308
RT15,1309
E41L1,1310
Z705G,1311
RL35A,1312
EXC6B,1313
IL1A,1314
CP100,1315
PHB2,1316
ENAM,1317
MAP1S,1318
GCYB1,1319
UBAP2,1320
SIGLEC.10,1321
ARF3,1322
ORN,1323
NADAP,1324
MATN2,1325
DFFA,1326
OSTP,1327
S10AA,1328
NAMPT,1329
KLC4,1330
GLS,1331
CD117,1332
TMCO3,1333
ZN404,1334
SIA8D,1335
TF3C4,1336
RT17,1337
RRAS,1338
HP1B3,1339
AT8B1,1340
PAN.KERATIN,1341
CD71,1342
A2MG,1343
CD66ACE,1344
EP15R,1345
SFRP4,1346
SAC1,1347
CND1,1348
ELOB,1349
CAAS1,1350
MMP14,1351
CD101,1352
NLRP1,1353
SRSF7,1354
MSC.NPC,1355
HAT1,1356
CD69,1357
CDON,1358
K1328,1359
TALDO,1360
LOXL3,1361
C3AR,1362
CTGE6,1363
CSK2B,1364
ASB6,1365
SWAHB,1366
EIF3M,1367
LTN1,1368
ABHDB,1369
RL7A,1370
HS3S2,1371
NEUM,1372
PPIH,1373
CI131,1374
KIF14,1375
UNC79,1376
MTCH1,1377
EPHA2,1378
FPPS,1379
FCRG,1380
TPD53,1381
LIAS,1382
SF3B4,1383
TM214,1384
U2AF1,1385
IF4H,1386
T132D,1387
TXD12,1388
SL9C1,1389
POTEI,1390
GMPPA,1391
CHD4,1392
RT26,1393
AIPL1,1394
RWDD1,1395
EMAL3,1396
PPR21,1397
TRI23,1398
EXOC7,1399
SCNBA,1400
UBR3,1401
OASL,1402
UBXN7,1403
WDR4,1404
M4A14,1405
RN121,1406
BEST1,1407
IGDC3,1408
PCD17,1409
CN177,1410
GALT1,1411
PCAT1,1412
TXD11,1413
CD366,1414
INT10,1415
CAH13,1416
PKD2,1417
ZFP3,1418
NHLC2,1419
MYL1,1420
MGDP1,1421
GGH,1422
SMAP1,1423
PDIA6,1424
EFC2,1425
LSM12,1426
PDK1.P,1427
SUSD2,1428
TIGIT,1429
LMNB1,1430
CSTF2,1431
CFLAR,1432
SCP2,1433
CD111,1434
NUP88,1435
DKC1,1436
CD134,1437
PCYXL,1438
CD84,1439
DVL2,1440
IL31R,1441
PHAX,1442
CD199,1443
AMOT,1444
MILK1,1445
CCD18,1446
EAA2,1447
SPIR2,1448
CSRP1,1449
H15,1450
HOME3,1451
CAC1H,1452
TTLL5,1453
CD45,1454
PTBP1,1455
FCRLA,1456
CF141,1457
SNX27,1458
HBS1L,1459
TRPV2,1460
LAD1,1461
NIT2,1462
MYO1F,1463
AN18B,1464
PCMD1,1465
PDPK1,1466
RBM15,1467
CD203C,1468
REL,1469
P5CR3,1470
ARI4B,1471
COBA2,1472
CD34,1473
ETHE1,1474
TMED5,1475
IRF9,1476
MYH14,1477
STK16,1478
C1GLT,1479
CSK21,1480
CD85K,1481
ZN813,1482
PLXA4,1483
IFIT3,1484
ARNT,1485
MBOA2,1486
TYY1,1487
WIZ,1488
MCTP2,1489
MSI2H,1490
TTYH2,1491
AAKG1,1492
THIL,1493
LRP6,1494
XKR7,1495
CD158B,1496
ISK13,1497
MCMBP,1498
RASF8,1499
CA127,1500
MTLR,1501
ITK,1502
MUSK,1503
NUP85,1504
DUS15,1505
ERAP1,1506
PLOD1,1507
NDK6,1508
NCK2,1509
JKAMP,1510
SHSA8,1511
RU1C,1512
CAMP2,1513
RLP24,1514
CNPY2,1515
GOGA4,1516
JAM3,1517
TCR.VB8,1518
LY.49C.LY.49I,1519
RORGT,1520
ZN182,1521
EFC13,1522
SC31B,1523
UBP24,1524
EIF3K,1525
F161A,1526
GCP5,1527
ADA2B,1528
PTPRG,1529
FAM3C,1530
CDO1,1531
CI163,1532
FR1L6,1533
XPP1,1534
TFKL2,1535
PRS10,1536
KIF15,1537
JUPI1,1538
GRIK3,1539
DSG2,1540
GOLP3,1541
VP26A,1542
CD80,1543
PDS5B,1544
ARI5B,1545
ODPX,1546
F90AN,1547
GPN1,1548
SEM3A,1549
DPOD3,1550
WASH4,1551
DISP2,1552
BCAP,1553
MYO15,1554
CSN5,1555
TTC7B,1556
WRN,1557
IFT27,1558
ERK1,1559
MDGA1,1560
CH60,1561
PPT2,1562
DUS3,1563
ILDR2,1564
SMC6,1565
KCND1,1566
LIMK1,1567
HNRH2,1568
CD202B,1569
EP400,1570
MCEE,1571
CDC27,1572
NOTC1,1573
H2AX,1574
HMCN1,1575
PP2BB,1576
HXB3,1577
SDS3,1578
NB5R1,1579
TPA,1580
COX7R,1581
TEX52,1582
PGES2,1583
SPTSA,1584
DPYL4,1585
LRCH1,1586
RANB3,1587
MPRI,1588
DNHD1,1589
ANKUB,1590
MET16,1591
WASC5,1592
DYH11,1593
MGAL,1594
FAKD1,1595
S10A1,1596
NPHN,1597
RL37A,1598
PLSI,1599
PCSK7,1600
FABP5,1601
FZD8,1602
HLA.DR.DP.DQ,1603
SNRPA,1604
ATMIN,1605
QRIC2,1606
NINL,1607
ICLN,1608
CEP97,1609
ELNE,1610
UBR7,1611
CD204,1612
SYPL1,1613
LEPR,1614
NDOR1,1615
CD140A,1616
CMTR2,1617
NAV2,1618
ABCB5,1619
PPR18,1620
GTPB4,1621
DDX55,1622
A16A1,1623
SRP54,1624
ARF1,1625
AOC1,1626
PHP14,1627
O2AG2,1628
MIA40,1629
ZN888,1630
CD201,1631
HKDC1,1632
PDZ1P,1633
RLA2,1634
LYPA2,1635
TECTA,1636
DNJC5,1637
CHPT1,1638
DUT,1639
VAT1,1640
SPRC,1641
TDRD6,1642
PRD10,1643
CD49B,1644
GG6L1,1645
BIG1,1646
FHL1,1647
CD319,1648
HAUS8,1649
HYPK,1650
DC1L1,1651
PTPRB,1652
GRB1L,1653
HLTF,1654
TR150,1655
MOGS,1656
ZN668,1657
IPO4,1658
IHH,1659
LAMC1,1660
S10A4,1661
GOG8R,1662
RSU1,1663
RBM34,1664
CELR1,1665
MRE11,1666
PPHLN,1667
AK1A1,1668
T184A,1669
NUAK1,1670
MAK16,1671
STX16,1672
CAC1E,1673
HPCL1,1674
PRP31,1675
K22O,1676
WNK1,1677
FTCD,1678
ATP6,1679
COQ4,1680
TEKT2,1681
IGD,1682
MMP2,1683
CL042,1684
CP27A,1685
IPO5,1686
TRAD1,1687
ATRIP,1688
CP2W1,1689
LRBA,1690
CNTRL,1691
RS26,1692
WDR12,1693
MASTCELLTRYPTASE,1694
RL36A,1695
PARVA,1696
UN45A,1697
IL18,1698
AT2A2,1699
ZN789,1700
CLIP1,1701
KYNU,1702
ABCD3,1703
ALBU,1704
SRP19,1705
6PGD,1706
SSX9,1707
RM19,1708
RAB31,1709
BIN1,1710
FOXS1,1711
RFC5,1712
KLOT,1713
U2AFM,1714
CK5P2,1715
QCR1,1716
DLG2,1717
SETD8,1718
MKLN1,1719
F186B,1720
PICAL,1721
GBG12,1722
ATG2B,1723
TACC3,1724
UBP5,1725
TASO2,1726
XPO7,1727
GCSH,1728
HLA.DQ,1729
CHD1L,1730
SPB12,1731
NFKB2,1732
RAI3,1733
EIF3H,1734
ELP6,1735
BUB1,1736
ZSWM8,1737
H3K27M,1738
SEH1,1739
TBR1,1740
WDR35,1741
LRC27,1742
ABH15,1743
SYMPK,1744
BFSP1,1745
GBRR2,1746
BIG2,1747
MYOM2,1748
VWA8,1749
CD231,1750
CCNB1,1751
HEBP2,1752
NAPSA,1753
KRT86,1754
DAP1,1755
DNMT1,1756
LPP60,1757
LBP,1758
RASEF,1759
SVIL,1760
PGRC2,1761
B4GN2,1762
SMA,1763
NUBP1,1764
GPX1,1765
HSP7C,1766
PSME2,1767
SC11A,1768
FLNA,1769
PRP19,1770
AT8A2,1771
PHB1,1772
ORC4,1773
KIF5C,1774
ZKSC7,1775
NAC3,1776
TNPO2,1777
CRGA,1778
CPMD8,1779
CND2,1780
ANR27,1781
CD286,1782
LCLT1,1783
CD263,1784
OSBP2,1785
TY3H,1786
CCD25,1787
CDK7,1788
RBM25,1789
SYAC,1790
FILA,1791
VPP3,1792
SKAP,1793
UBE3B,1794
CD273,1795
HSP74,1796
VWA3A,1797
VA0D2,1798
CP2U1,1799
CD338,1800
HBP1,1801
HMGA1,1802
PSA6,1803
ODPAT,1804
BMI.1,1805
ACADV,1806
TOM70,1807
KPCG,1808
PK1L1,1809
NCAN,1810
CDK16,1811
MYO10,1812
SPTB2,1813
ASXL1,1814
DNJC8,1815
TOP2A,1816
FXYD3,1817
SRGP2,1818
KTHY,1819
ARP3B,1820
RL40,1821
CK5P3,1822
O52W1,1823
GALD1,1824
K8K18,1825
B3GT2,1826
C2C4B,1827
ARG39,1828
ARM10,1829
SPEE,1830
TRNT1,1831
UBP4,1832
GAL3B,1833
STRBP,1834
SRCN1,1835
CDW93,1836
DCD2C,1837
RFIP1,1838
CLMN,1839
MACC1,1840
KCC2D,1841
AT131,1842
FLNB,1843
PDZD8,1844
LUZP1,1845
QCR7,1846
RRS1,1847
QSOX1,1848
RBM14,1849
K2012,1850
GMFG,1851
NEMO,1852
SC24D,1853
S61A2,1854
S27A2,1855
TTC38,1856
ADT2,1857
SUMO3,1858
RSPO3,1859
OSBL9,1860
TFG,1861
KIR2DS4,1862
TTL,1863
KLH38,1864
THOC2,1865
PALM3,1866
ABCE1,1867
HMGN5,1868
NAA10,1869
GSTO1,1870
SNAA,1871
CJ090,1872
RL38,1873
DYRK2,1874
KCNJ3,1875
LRIQ3,1876
PUR8,1877
DRC1,1878
ADDG,1879
CIC,1880
EXOS7,1881
KALRN,1882
TDT,1883
MFN2,1884
SERPH,1885
TCR.VB9,1886
RALB,1887
ZN709,1888
ZCHC4,1889
SYUG,1890
ELP1,1891
GARP,1892
CNOT1,1893
CD131,1894
TBB3,1895
LG3BP,1896
CSRN3,1897
AT11C,1898
PAPS1,1899
ADHX,1900
GRID2,1901
CD266,1902
RL8,1903
CAN11,1904
CD11C,1905
NANP,1906
CATH,1907
LAMA2,1908
Z354C,1909
CIAO3,1910
IMA4,1911
CBPB1,1912
RL9,1913
MA2B1,1914
PYC,1915
AGRE1,1916
CD42B,1917
EMD,1918
RS10,1919
AP3S1,1920
BRK1,1921
ANK2,1922
NIN,1923
THMS1,1924
PACRG,1925
HXC11,1926
ATLA1,1927
CBX5,1928
ANXA6,1929
AMZ2,1930
PININ,1931
PP6R1,1932
SRPRB,1933
ES8L2,1934
SDK1,1935
AGAP2,1936
MOES,1937
PROM2,1938
CO4A5,1939
EGFR,1940
UBQL2,1941
UCP3,1942
P2RX6,1943
SMHD1,1944
ARGL1,1945
HEXB,1946
ENOB,1947
KS6A1,1948
IVD,1949
RT25,1950
CHUR,1951
RFAL1,1952
TBB5,1953
NUP54,1954
CD300F,1955
KAL1L,1956
DND1,1957
ABT1,1958
TTC16,1959
1433B,1960
SRP68,1961
ACPM,1962
TBCD7,1963
FEM1B,1964
SYDM,1965
TRM5,1966
ZBTB4,1967
SF3B6,1968
LOXH1,1969
F107B,1970
SBP2L,1971
RBMS2,1972
CD8A,1973
CD107,1974
MALR1,1975
NEB2,1976
ANXA2,1977
SARG,1978
ZN777,1979
MBOA1,1980
CXA1,1981
IL.28RA,1982
CNTN1,1983
NRF2,1984
CAC1B,1985
UBP2L,1986
ESPL1,1987
BT3L4,1988
ZBT12,1989
SRP09,1990
MTREX,1991
RDH11,1992
UBC12,1993
ZN212,1994
KLF4,1995
COASY,1996
IDE,1997
X3CL1,1998
CSN7A,1999
DHX33,2000
MYOTI,2001
MP2K1,2002
UBP1,2003
NU205,2004
MTMR1,2005
PLBL2,2006
PRS6B,2007
LMO7,2008
FGD4,2009
MCTS1,2010
NSA2,2011
CD77,2012
TOM40,2013
MYH9,2014
LACB2,2015
NEBU,2016
ZO1,2017
SC5A5,2018
MOB1B,2019
NEST,2020
CO6A5,2021
ANX11,2022
CLCF1,2023
SMC4,2024
HELT,2025
SPF30,2026
CC179,2027
SSRP1,2028
AIMP2,2029
MB3L1,2030
MYDGF,2031
PLXA1,2032
TRAIP,2033
SNAPN,2034
BROX,2035
UNK,2036
H3K9AC,2037
PP1B,2038
DHPR,2039
SPF45,2040
KIR2DS2,2041
RCBT1,2042
AXDN1,2043
CD158,2044
SFXN1,2045
PAI2B,2046
PDCD6,2047
CD307D,2048
CPLN1,2049
TCR.VB13,2050
KCRB,2051
CCD33,2052
FGF11,2053
RFC2,2054
PTN12,2055
RL31,2056
PEDF,2057
RIPK3,2058
C19L1,2059
UB2R2,2060
ADH6,2061
ANGE2,2062
TECR,2063
ILEU,2064
GLIS2,2065
PTN11,2066
TUFT1,2067
RPAB1,2068
SIR1,2069
HECW2,2070
HMHA1,2071
ACTN1,2072
ROCK1,2073
ACYP1,2074
S43A3,2075
SCN8A,2076
ANM5,2077
IL1R1,2078
TCR.INKT.CELL,2079
ZN112,2080
SNX21,2081
PURA2,2082
ACOT2,2083
RB12B,2084
RPA43,2085
AHI1,2086
DOP2,2087
RRBP1,2088
FWCH2,2089
PSD13,2090
TMEM173,2091
CD26,2092
O56A3,2093
CD279,2094
CO4A3,2095
RM27,2096
CD271,2097
RIOK3,2098
RS24,2099
LAMB3,2100
ITPA,2101
TNFA,2102
PRC1,2103
IL1R2,2104
KI26B,2105
UD3A1,2106
ICA1L,2107
CD37,2108
RM14,2109
PPCE,2110
MYL6,2111
IMUP,2112
SGTA,2113
AMPE,2114
EFR3B,2115
ODAD2,2116
TM9S3,2117
KIF3B,2118
RLF,2119
SL9P1,2120
DOK3,2121
HV315,2122
HEXA,2123
DDIAS,2124
CADH7,2125
EXOSX,2126
FBX10,2127
PRIPO,2128
PLGA,2129
GRPE1,2130
CC110,2131
ZMYM6,2132
RCL1,2133
TRI33,2134
CD336,2135
PSDE,2136
AS3MT,2137
AMPB,2138
GSTM3,2139
H2B2E,2140
ATOX1,2141
GPR12,2142
LAMA5,2143
IREB2,2144
LAGE3,2145
SKP1,2146
GALT5,2147
POP1,2148
ABCF3,2149
RB11B,2150
ALXR,2151
KCRU,2152
AN30B,2153
MTHR,2154
CO3A1,2155
K1C9,2156
CTRO,2157
WDR43,2158
LARP1,2159
MRCKG,2160
LSR,2161
ODFP4,2162
RNF17,2163
ARAP1,2164
KAZRN,2165
H2B1C,2166
CD371,2167
HIP1R,2168
HPBP1,2169
EPC2,2170
TYK2,2171
PSB8,2172
CD170,2173
FMNL3,2174
GSH1,2175
ECSIT,2176
CF132,2177
YBOX1,2178
H4,2179
GLRX3,2180
UTP18,2181
DAZP1,2182
HM13,2183
TF3B,2184
CXCR7,2185
CFA46,2186
UB2L3,2187
GPT11,2188
TRPC4,2189
PA2GX,2190
IASPP,2191
TMM43,2192
CD148,2193
MCCB,2194
NUP62,2195
CADH9,2196
PEX1,2197
CAD11,2198
CD43,2199
OLA1,2200
APOB,2201
AIF1,2202
WDR93,2203
ANR17,2204
NDC1,2205
PLP2,2206
CD172A,2207
TSN3,2208
ELMD2,2209
LMLN,2210
FYB2,2211
ABCA3,2212
C102A,2213
PRKDC,2214
RYR3,2215
SMD2,2216
YKT6,2217
NACAM,2218
VA0D1,2219
COX19,2220
DHX34,2221
CD329,2222
AKA12,2223
OAT,2224
SAS10,2225
IG.LIGHT.CHAIN,2226
JAK3,2227
PODXL,2228
CD30,2229
FA98A,2230
SOX6,2231
PUR2,2232
CC168,2233
MAL.1,2234
SC61G,2235
EIF1B,2236
RL1D1,2237
ZFHX2,2238
PRP4,2239
CKAP4,2240
H3K4ME3,2241
MYO7B,2242
S100B,2243
FBX11,2244
CCD17,2245
ZN613,2246
FSIP2,2247
TCRVA7,2248
CC115,2249
ODO2,2250
NDUF2,2251
USF3,2252
CYTF,2253
NOB1,2254
BACH,2255
HACL2,2256
THYG,2257
MAVS,2258
RS17,2259
RBNS5,2260
OSBL8,2261
TXNL1,2262
AKT,2263
CLH1,2264
RAPH1,2265
LARP6,2266
SENP1,2267
HDAC5,2268
ITGB7,2269
ATLA2,2270
SPB5,2271
HLAC,2272
JIP4,2273
CCL13,2274
TRA2A,2275
CB091,2276
MLX,2277
NIBA2,2278
IL16,2279
ST1C4,2280
CC71L,2281
NDUB3,2282
CD33,2283
NDUV2,2284
P3H1,2285
TLE4,2286
ARPC2,2287
NCBP1,2288
GDTCR,2289
MED12,2290
ZNRD2,2291
DLL4,2292
CGBP1,2293
XPR1,2294
CALI,2295
CD1C,2296
FAK2,2297
LEG8,2298
CD223,2299
TWF1,2300
LBN,2301
CD45RO,2302
CD126,2303
SBNO2,2304
THA,2305
GORS2,2306
PX11B,2307
EIF3L,2308
AFTIN,2309
KMT2A,2310
CND3,2311
NUDC1,2312
MDR3,2313
AN32A,2314
MEP1A,2315
BDCA3,2316
ROA2,2317
ZN708,2318
RBM46,2319
CALX,2320
OXND1,2321
UVRAG,2322
ZC3HD,2323
NR1D2,2324
IFIT5,2325
CD269,2326
NOA1,2327
UCHL1,2328
MAOM,2329
ATP5L,2330
FOXA2,2331
PLRG1,2332
OSGI2,2333
OBSCN,2334
THNS1,2335
DNJC7,2336
RHG01,2337
RB39A,2338
FOXP3,2339
SSEA.3,2340
RNF41,2341
PGBD4,2342
RANG,2343
NUP93,2344
ARHG5,2345
VPK6,2346
CP135,2347
RPF2,2348
GT2D1,2349
PITH1,2350
ZN462,2351
RLGPB,2352
RPAB3,2353
SAMH1,2354
RS15,2355
RM04,2356
F186A,2357
RHBT3,2358
GBRA4,2359
PABP4,2360
MYO6,2361
CD91,2362
MP2K4,2363
TCPE,2364
CH10,2365
CBP,2366
SMCA4,2367
CD20,2368
8ODP,2369
OTUD4,2370
CD105,2371
MTU1,2372
CCNC,2373
METH,2374
MDEAS,2375
APOL6,2376
GALNS,2377
NMT1,2378
I2BP2,2379
CD230,2380
EMAL5,2381
REX1B,2382
FYN,2383
SIAE,2384
IPYR,2385
CBPA3,2386
PLK4,2387
PPCEL,2388
SMD1,2389
PPIF,2390
SCRIB,2391
DIM1,2392
AGM1,2393
ERA,2394
DOCK7,2395
AKAP6,2396
COMT,2397
TAD2A,2398
UB2V2,2399
HK2,2400
FRIL,2401
PAXX,2402
SDCG8,2403
ZN683,2404
TARSH,2405
POK7,2406
CBPZ,2407
MAPKAPK2,2408
SRSF1,2409
CD41,2410
UROM,2411
RIGI,2412
LMOD1,2413
GIMA8,2414
MINT,2415
KCMA1,2416
DYH3,2417
MA7D1,2418
GSH0,2419
1433E,2420
KLH36,2421
H3K18AC,2422
CD89,2423
SLIP,2424
PYRG2,2425
LIPR2,2426
IL4,2427
H33,2428
COX17,2429
ACV1B,2430
AP1S1,2431
CD200,2432
SNTG2,2433
NFRKB,2434
GDAP2,2435
CYTA,2436
SHE,2437
RIN2,2438
NIPA2,2439
IQEC2,2440
STON1,2441
CFDP1,2442
TTLL4,2443
MTX2,2444
CD119,2445
S39A4,2446
ARAP3,2447
K2C1,2448
DCP2,2449
P66B,2450
TBB4A,2451
DUS12,2452
VP33A,2453
NPHP3,2454
NCDN,2455
RN169,2456
TRM61,2457
PLPR1,2458
S10AG,2459
FNBP1,2460
KNDC1,2461
PTN9,2462
RFFL,2463
DNJA3,2464
PLOD3,2465
AAAD,2466
RRP15,2467
EXD1,2468
DHCR7,2469
LYRM4,2470
PP1R8,2471
AP1AR,2472
CK098,2473
1433T,2474
SSX7,2475
ASPM,2476
VPS45,2477
CE170,2478
PUM1,2479
TIAF1,2480
S20A1,2481
PU.1,2482
EHD4,2483
CCD43,2484
CD96.TACTILE,2485
RTCB,2486
BOP1,2487
ADCY5,2488
FBF1,2489
CD267,2490
COTL1,2491
EIF2D,2492
FMO1,2493
EXOS2,2494
OFUT1,2495
ERP29,2496
GTPB6,2497
PI4KA,2498
ANTIFITC,2499
FOXK2,2500
SKT,2501
CNO10,2502
RL36L,2503
MTA1,2504
NGAL,2505
FAT3,2506
ZSCA1,2507
RIR1,2508
RT18A,2509
CD27,2510
MACD1,2511
CD351,2512
CATK,2513
EF1A3,2514
LAT1,2515
BBS12,2516
DYL1,2517
STYL2,2518
HIF1A,2519
CCNA2,2520
DHX8,2521
DNS2A,2522
DEN2D,2523
SHIP2,2524
PSIP1,2525
NFKB,2526
BRE1A,2527
MGT4C,2528
AICDA,2529
CD130,2530
DUS7,2531
AL7A1,2532
TITIN,2533
PKHA2,2534
RL10,2535
KIF19,2536
PIM1,2537
SN12L,2538
KANK2,2539
ISY1,2540
PTCD3,2541
SOX10,2542
FTO,2543
PTPRK,2544
RDHE2,2545
STK39,2546
BPTF,2547
CIRBP,2548
CLIC4,2549
BIRC1,2550
PHLB1,2551
RM49,2552
ARFG1,2553
SACS,2554
LYRIC,2555
CCNB3,2556
H2AV,2557
SRCRL,2558
NELFE,2559
GRANZYME.K,2560
FBW10,2561
BAZ1B,2562
ICE1,2563
DCA13,2564
KIF4A,2565
CAD23,2566
DDX31,2567
SP140,2568
CRBG1,2569
QKI,2570
PSD2,2571
AT5F1,2572
ATF1,2573
LRRT4,2574
DX39A,2575
MTRR,2576
H2B2C,2577
RS27A,2578
SNCAP,2579
BLTP1,2580
LARP7,2581
MTMR3,2582
ZN665,2583
ACTY,2584
KCNA4,2585
P2R3A,2586
AROS,2587
CA167,2588
CO5A2,2589
FUBP2,2590
LRP4,2591
SERB,2592
TMX1,2593
VAPA,2594
STMN1,2595
CD6,2596
CD197,2597
GCFC2,2598
ZN776,2599
GALK1,2600
COA6,2601
ZN782,2602
PITM1,2603
M3K2,2604
CD55,2605
S31D4,2606
NLRC3,2607
S61A1,2608
PKHA5,2609
H37,2610
HNRPR,2611
MCA3,2612
CFA45,2613
FRDA,2614
SNX5,2615
ITPR1,2616
NETO2,2617
EDC4,2618
RB3GP,2619
TLE3,2620
HMOX1,2621
ECHD1,2622
CSN1,2623
SLF2,2624
M3K19,2625
RRP12,2626
CD102,2627
MMP1,2628
TEFF1,2629
FA81A,2630
STAT4,2631
CD14,2632
AHNK2,2633
WWC2,2634
HDGR2,2635
PSA2,2636
SURF2,2637
CCZ1,2638
FUCM,2639
IL.9,2640
KCC2G,2641
RGPD1,2642
CLPP,2643
AIFM1,2644
RABP2,2645
PAK6,2646
HTAI2,2647
BSN,2648
IF1AY,2649
PEPD,2650
DCLK1,2651
CI043,2652
GRRE1,2653
RMND1,2654
RCN2,2655
UBR1,2656
TDRD7,2657
SPA12,2658
CRDL2,2659
RENT1,2660
MRP8,2661
PLCG1,2662
PP4R2,2663
BRD1,2664
CSN4,2665
ZN556,2666
LEF1,2667
FBN2,2668
TNIK,2669
RABL3,2670
CD95,2671
NFAT1,2672
TBG1,2673
TMC6,2674
RHG24,2675
SCC4,2676
IL26,2677
TES,2678
H2B1J,2679
GBRL2,2680
LONF1,2681
CD152,2682
WDFY1,2683
ANAG,2684
GP179,2685
DOPD,2686
CC141,2687
GP38,2688
C10,2689
FACR1,2690
EXT2,2691
OSB10,2692
CSPG4,2693
DDX18,2694
FLOT1,2695
VAS1,2696
CD9,2697
RAD1,2698
IPIL1,2699
TIM13,2700
KCTD8,2701
RAB21,2702
STAM1,2703
MYO1D,2704
VNN1,2705
RBM5,2706
TAF6L,2707
CETN3,2708
CLPB,2709
MTX1,2710
RSMB,2711
YLPM1,2712
ARC1B,2713
GNL3L,2714
BLMH,2715
SOCS6,2716
MAGC2,2717
NUBPL,2718
DDX3X,2719
SOGA1,2720
FETA,2721
RL10A,2722
F124B,2723
CAP2,2724
EIF3G,2725
PSME4,2726
MYPC2,2727
PSMA,2728
CPEB4,2729
DDX46,2730
ADCY7,2731
DPYL2,2732
DSCL1,2733
FA50A,2734
AT1B4,2735
PCD10,2736
SEN2,2737
AT135,2738
P33MX,2739
YL014,2740
SNX1,2741
ADAM9,2742
CCAR1,2743
ANFY1,2744
NDUBA,2745
PTRD1,2746
AL3A2,2747
DYH1,2748
K1210,2749
MTNB,2750
SF3B3,2751
ACTZ,2752
BRX1,2753
AT1A3,2754
AT10B,2755
RINI,2756
CAC1A,2757
K2C72,2758
TBC25,2759
VPS39,2760
VPP1,2761
ECHA,2762
TRM6,2763
CONA1,2764
LMF1,2765
KI21B,2766
CD81,2767
RIPL1,2768
TOIP1,2769
YTHD2,2770
PTN23,2771
CHD6,2772
POTEE,2773
WDR19,2774
DAAF5,2775
CD341,2776
UBI.H2A,2777
HMGN2,2778
FABD,2779
ADA12,2780
SYCP1,2781
CWC15,2782
SSEA.5,2783
METL8,2784
TM121,2785
AINX,2786
ADAP1,2787
AXIN2,2788
DNAI4,2789
STAT1,2790
CTXN2,2791
MYH13,2792
D108B,2793
ANKL2,2794
NECA2,2795
NT5D2,2796
VPS52,2797
CD171,2798
GEMI5,2799
JPH1,2800
SC11B,2801
SZRD1,2802
NAV1,2803
ZBT42,2804
KPCD3,2805
PLEK,2806
SCO2,2807
NCEH1,2808
TRAF5,2809
ZN598,2810
SNP23,2811
CD1B,2812
GLRX1,2813
MYO1G,2814
CD325,2815
CD132,2816
ZN143,2817
VPS29,2818
APOA5,2819
SYRM,2820
PIWL2,2821
OGA,2822
CD284,2823
CATA,2824
NMRL1,2825
SIN3A,2826
CRIP1,2827
VATC1,2828
CD179A,2829
SUMF2,2830
SOAT1,2831
H2A1C,2832
UBE2K,2833
RN114,2834
SPB9,2835
DOCK6,2836
ADA19,2837
RBP2,2838
LRC8A,2839
RL15,2840
ABCC9,2841
TGM4,2842
AP2S1,2843
DPP9,2844
RUXE,2845
CC171,2846
STML2,2847
DTD1,2848
NMDE2,2849
K5,2850
VPS16,2851
GORAB,2852
ZN248,2853
RM45,2854
TOM34,2855
NC2B,2856
IBP3,2857
NSD1,2858
ZNF8,2859
ZN544,2860
Z3H7B,2861
ERGI1,2862
HS71B,2863
DBLOH,2864
COOA1,2865
DAB2,2866
S2513,2867
PMGT1,2868
WDFY3,2869
TM11E,2870
CC049,2871
LV469,2872
PIWL1,2873
TCR.VR9,2874
PPA5,2875
ZBT47,2876
NAKD2,2877
PSA,2878
CBR1,2879
ZN772,2880
H2A1J,2881
ZN605,2882
BPL1,2883
EFTS,2884
UACA,2885
IDH3A,2886
CD158D,2887
SRSF2,2888
GSHR,2889
UBFL1,2890
PELP1,2891
DPOD1,2892
AP3D1,2893
CD193,2894
NDUS8,2895
CBPC3,2896
CD147,2897
ENASE,2898
LSM7,2899
INADL,2900
PK3CG,2901
PNDC1,2902
H3K27ME3,2903
TRA.1.81,2904
SCYL1,2905
HTSF1,2906
HEP2,2907
RAVR1,2908
PRR12,2909
COPB2,2910
MROH1,2911
1433S,2912
DNPH1,2913
SRS10,2914
CP096,2915
AP2B1,2916
CD144,2917
DCBD1,2918
TYRP2,2919
LAP2B,2920
MA1A1,2921
ARHG2,2922
SMC1B,2923
KITH,2924
MCM3,2925
CQ113,2926
GALE,2927
NUDT4,2928
PPIE,2929
RO60,2930
S38A5,2931
CD172B,2932
ROA0,2933
ML12A,2934
RS21,2935
SAS6,2936
GAR1,2937
ST7,2938
ROS1,2939
S28A1,2940
PCDA7,2941
CBPC2,2942
S26A3,2943
ITIH1,2944
LIPA1,2945
UBQL1,2946
TARG1,2947
HXD4,2948
ZN236,2949
AP1B1,2950
CSK,2951
GBG11,2952
NDKM,2953
MYH10,2954
FACC1,2955
PDIA3,2956
HCN2,2957
CHD3,2958
PTX3,2959
DJB11,2960
PANK2,2961
RS30,2962
DUS4,2963
CAMP3,2964
CPNS1,2965
PRUN2,2966
CCN6,2967
SH3G2,2968
ZN646,2969
GDPD2,2970
PSA7,2971
ARMC1,2972
ATS3,2973
RL23,2974
KLK11,2975
IL17,2976
CEP85,2977
PMEL,2978
PDIA4,2979
HUNK,2980
S38AA,2981
PDE7A,2982
MORC2,2983
BCLF1,2984
CMS1,2985
B3GT6,2986
HDA11,2987
RM03,2988
TDR12,2989
ZSWM4,2990
UBC,2991
CAPR1,2992
FAF1,2993
SCND3,2994
NAV3,2995
ALG13,2996
AMRP,2997
SH3L1,2998
CD180,2999
RAB5B,3000
WDR36,3001
UDB15,3002
TLT.2,3003
RAC2,3004
CX042,3005
EOMES,3006
SYFB,3007
MARH5,3008
NSE3,3009
RL13,3010
ANK3,3011
RCOR3,3012
CDK12,3013
QORX,3014
PRS6A,3015
PRRC1,3016
FOXO3A,3017
6PGL,3018
HM20A,3019
FA24B,3020
LRP2,3021
SATT,3022
HEPH,3023
RRP1,3024
FBLN4,3025
CNR2,3026
AT2B1,3027
LACTB,3028
EZRI,3029
CD83,3030
AHSA1,3031
MYO9A,3032
TPR,3033
UBE3C,3034
HRH3,3035
DPYL1,3036
KAD1,3037
ACSL4,3038
AP4E1,3039
ANFB,3040
RHOD,3041
XPOT,3042
LYST,3043
KT3K,3044
CNDP2,3045
CB072,3046
HCD2,3047
COHA1,3048
NUFP2,3049
PACN3,3050
SRRM1,3051
SPART,3052
CALU,3053
PCDG1,3054
SPIR1,3055
NLGN3,3056
PIPNB,3057
NYAP1,3058
MORC4,3059
FOXG1,3060
NRAM1,3061
APT,3062
MTCL1,3063
IRF4,3064
RFC3,3065
BIRC6,3066
CO6A2,3067
PGP,3068
PHOS,3069
SGO1,3070
PRS4,3071
CALM3,3072
LYSM1,3073
CPSF5,3074
TYRP1,3075
BOLA2,3076
ACTBM,3077
LOX.1,3078
ZC3HE,3079
ITB5,3080
CCD30,3081
GTR3,3082
TCR.V.2,3083
IFIT1,3084
PGK1,3085
SETMR,3086
DEN2B,3087
NEUA,3088
PORIM,3089
RCC2,3090
ERI6B,3091
F135A,3092
CHST4,3093
RIM3C,3094
PGM2,3095
RUNX2,3096
CHST5,3097
CEMP1,3098
TMC2,3099
TXK,3100
SF01,3101
K7,3102
LAR4B,3103
THOC3,3104
NOL7,3105
GMFB,3106
RED,3107
ACACA,3108
SDA1,3109
LRC59,3110
CSTN1,3111
PAP1M,3112
CCD47,3113
PAN.HLA,3114
RS26L,3115
CE120,3116
DC1L2,3117
HYOU1,3118
TET1,3119
IL.13,3120
CD99,3121
ATAD2,3122
EF1A1,3123
DSRAD,3124
F10C1,3125
ZNRF4,3126
REV1,3127
ASIC2,3128
CCD73,3129
SNUT2,3130
SMCA1,3131
UCRI,3132
KCNV2,3133
ASZ1,3134
NDUB9,3135
PGM2L,3136
NCOA2,3137
BAG1,3138
FIBB,3139
CLIC6,3140
LZTS1,3141
NOP16,3142
RPN2,3143
WDR70,3144
MP2K2,3145
GLNA,3146
MY15B,3147
LSM8,3148
XPO2,3149
ZN521,3150
CP51A,3151
STT3B,3152
MAC2,3153
SF3A1,3154
EYA1,3155
CD309,3156
PIGN,3157
DOC11,3158
CSN7B,3159
CA2D1,3160
SUV92,3161
HUS1,3162
SYEP,3163
ABEC1,3164
NFIB,3165
PA24A,3166
CDD,3167
HIPK3,3168
CD93,3169
LS14A,3170
CD143,3171
RUSC1,3172
PANK4,3173
CB069,3174
NDUS3,3175
CD226,3176
BFSP2,3177
CSCL1,3178
RUXF,3179
NUD4B,3180
LSM4,3181
CDS2,3182
RM48,3183
PRDX3,3184
CLPX,3185
COR1A,3186
EFHD2,3187
OSBL3,3188
CD50,3189
DHYS,3190
NOS1,3191
TNG6,3192
SC24C,3193
F171B,3194
SNPC4,3195
TFR2,3196
TRY1,3197
GLUT1,3198
SAFB1,3199
HPF1,3200
ZN778,3201
RA54B,3202
BMPER,3203
H2B1K,3204
PKN2,3205
ACS2B,3206
MARK1,3207
DSEL,3208
IL.10,3209
RM47,3210
PRP4B,3211
PKHG5,3212
PLD1,3213
UBL4A,3214
BIEA,3215
S23IP,3216
H18,3217
PI42C,3218
DDX5,3219
IGS21,3220
ANKF1,3221
GATA,3222
IDI1,3223
NK3R,3224
OR1K1,3225
RAB5C,3226
PR40A,3227
DPYL5,3228
H32,3229
MTCH2,3230
NHRF1,3231
DENV.NS3,3232
MOT4,3233
TIM8A,3234
ASAP2,3235
DAB1,3236
TCPG,3237
GPX8,3238
ZC3H8,3239
TRFL,3240
SHQ1,3241
ARHG1,3242
MCM5,3243
IF1AX,3244
DHX15,3245
IGE,3246
GASP1,3247
SGSM1,3248
SMRC2,3249
FEZF1,3250
PKP2,3251
ANXA4,3252
FCL,3253
CC195,3254
CD85D,3255
MZT1,3256
INT6L,3257
MYH3,3258
HRH2,3259
PEAK1,3260
ADAT1,3261
IL.22,3262
RHG07,3263
SND1,3264
ASPH,3265
CC175,3266
EXOS3,3267
ZF64B,3268
ANR52,3269
CSK22,3270
UBX11,3271
INVS,3272
BRD4,3273
TRIB1,3274
HNRPM,3275
U2AF2,3276
HYAS1,3277
MTNA,3278
JHY,3279
RIF1,3280
ARL2,3281
TCAL9,3282
K1671,3283
NIPA3,3284
GCST,3285
EST4A,3286
SP14L,3287
TMX2,3288
COF2,3289
MUTA,3290
MAL2,3291
CFA99,3292
MIX23,3293
NTRK3,3294
TETN,3295
UBP54,3296
SNF5,3297
RBM4B,3298
TMOD2,3299
WDR3,3300
PFD3,3301
IP6K2,3302
SC11C,3303
DDX1,3304
GBRAP,3305
ZN622,3306
SETD4,3307
ADDA,3308
GCYB2,3309
EI2BB,3310
CD298,3311
PSA4,3312
RAB6A,3313
HEAT1,3314
AFG32,3315
JAGN1,3316
RD23B,3317
TMX3,3318
RBM39,3319
CC174,3320
H2A2A,3321
EID3,3322
TO6BL,3323
RCC1,3324
FRMD5,3325
TIM50,3326
RFOX2,3327
PDLI7,3328
GPR15,3329
TMED3,3330
PPID,3331
ACAD9,3332
SUCB2,3333
PIMT,3334
FREM3,3335
DNJB1,3336
CAN3,3337
ZBT34,3338
TTLL7,3339
DDX54,3340
CP4X1,3341
TRIP6,3342
CAH2,3343
TYB4,3344
K14,3345
TADA3,3346
RFX5,3347
RS4X,3348
PTN18,3349
DHX29,3350
PAK2,3351
PFD1,3352
SNX25,3353
SNAG,3354
ZN141,3355
MITOK,3356
R39L5,3357
HNRL2,3358
AK1D1,3359
AL9A1,3360
ZN687,3361
C1QB,3362
SETX,3363
CLP1L,3364
AIFM3,3365
RRFM,3366
PIPNA,3367
MNDA,3368
CLHC1,3369
CG065,3370
AIP,3371
ZN395,3372
NENF,3373
CHD1,3374
RN213,3375
OSBL6,3376
RBM33,3377
GFI.1,3378
CD1A,3379
PO210,3380
GRCR2,3381
AKND1,3382
MAF,3383
DDR2,3384
GAL3A,3385
GLGB,3386
UROL1,3387
STX12,3388
TPP2,3389
UBR5,3390
UDB10,3391
PUM3,3392
CD96,3393
MGN,3394
CBX3,3395
GGNB1,3396
ALAT1,3397
F135B,3398
PGAM5,3399
PRDX4,3400
PDIP2,3401
CBPA5,3402
TBL3,3403
GFPT1,3404
AP1S2,3405
AT8B4,3406
NALP4,3407
SYNE3,3408
VIMENTIN,3409
MUS81,3410
F180B,3411
CAZA2,3412
GRIA3,3413
STK26,3414
IF2B3,3415
TM9S4,3416
SERC,3417
DOC2A,3418
NQO1,3419
CC184,3420
OR5K2,3421
SPT6H,3422
SAHH2,3423
PDCD5,3424
PP6R2,3425
STX10,3426
GNAS1,3427
RBM22,3428
ZFY26,3429
TMED9,3430
PPP6,3431
RTF1,3432
KLC1,3433
CLCA,3434
PHC3,3435
SRCAP,3436
ISOC1,3437
CCHL,3438
CCD13,3439
NSD2,3440
CASP8,3441
MVP,3442
SODM,3443
BACD3,3444
ZC12B,3445
IFNG,3446
TSR1,3447
RT14,3448
STAG1,3449
T200A,3450
AT1B1,3451
THTM,3452
MDH1B,3453
ZN773,3454
UBP53,3455
TTL12,3456
CPSF7,3457
CBX1,3458
CATZ,3459
PAPOA,3460
PWP3A,3461
ELP2,3462
KLC2,3463
SCRT1,3464
IFIT2,3465
LSD1,3466
ZPR1,3467
CD66B,3468
NUP35,3469
CAMLG,3470
S39A7,3471
NAA15,3472
NDUAD,3473
IRF8,3474
FUBP3,3475
NDUS2,3476
AGAL,3477
YTHD3,3478
MCT1,3479
BD1L2,3480
PCDA5,3481
PCYOX,3482
RASK,3483
GCP60,3484
HLA.A2,3485
ADSSP,3486
SPAG1,3487
S22A3,3488
S39AE,3489
PTBP2,3490
CTSR3,3491
SCAM3,3492
CAC1F,3493
PPM1H,3494
KPCI,3495
LRC47,3496
PCDA3,3497
PDE11,3498
IMA7,3499
CRYL1,3500
VAMP8,3501
DSPP,3502
PTPA,3503
IL.8,3504
PYRD,3505
SCN7A,3506
CF298,3507
SKI8,3508
ZN419,3509
DYL2,3510
CE162,3511
AN32B,3512
ARHG4,3513
PRPF3,3514
CIART,3515
COX6C,3516
BRMS1,3517
PTN6,3518
TCPB,3519
SPTC1,3520
RNH1,3521
DPP2,3522
GBG5,3523
TIM9,3524
PROF1,3525
LPXN,3526
DPYD,3527
KIRR3,3528
PSMD8,3529
BAZ2A,3530
CA9,3531
SPCS3,3532
CNDG2,3533
HUWE1,3534
DNJB4,3535
KAPCB,3536
NLGNY,3537
AMPD2,3538
RM46,3539
LEG1,3540
UB2D3,3541
NUCL,3542
TSC2,3543
LNP1,3544
TLN1,3545
CD154,3546
ARL1,3547
ZN433,3548
ZNF93,3549
RAB38,3550
MAST2,3551
CHD7,3552
GCP6,3553
PUR9,3554
TFAM,3555
TOP1M,3556
PARD3,3557
IGFR1,3558
ZN512,3559
GILT,3560
DHB3,3561
STIP1,3562
ABCF2,3563
PTGR1,3564
SYIC,3565
T2EB,3566
EXOC1,3567
ANO6,3568
ATPA,3569
AT2B3,3570
P5CR1,3571
ESTD,3572
TMED4,3573
MYG1,3574
IF4E2,3575
DOCK4,3576
PDXD2,3577
ARPC3,3578
DOCK3,3579
IGG2,3580
SRC8,3581
AP4M1,3582
ANR31,3583
GTD2B,3584
DTX3L,3585
SPB8,3586
IWS1,3587
TF2B,3588
SYYC,3589
CD109,3590
TP4A3,3591
FLNC,3592
AKAP8,3593
IPO7,3594
ZN548,3595
QCR8,3596
GRK6,3597
PDE9A,3598
EFHC2,3599
GNAI3,3600
CC172,3601
PKHA7,3602
EPHB4,3603
RAE1L,3604
DDX53,3605
PRD16,3606
TIP39,3607
CD138,3608
RMD5A,3609
CILP1,3610
UBR2,3611
TPPC3,3612
BAZ2B,3613
RAB4B,3614
ZSC12,3615
CCSE2,3616
SMOC2,3617
NUD11,3618
CASZ1,3619
CD2AP,3620
KIF23,3621
PKHG1,3622
CD334,3623
MTMR4,3624
MYH8,3625
SPF27,3626
TSP1,3627
CROCC,3628
RFA2,3629
CE295,3630
ST1A1,3631
PCM1,3632
CD48,3633
NLRC5,3634
IDU,3635
BBC3,3636
UTRN,3637
EI2BD,3638
FIL1L,3639
UB2D1,3640
SSU72,3641
PCARE,3642
VAPB,3643
PDIP3,3644
GAN,3645
TRI37,3646
RPR1A,3647
ATPB,3648
DDX17,3649
CDK2,3650
PIEZ2,3651
STAT6,3652
RHG21,3653
RPB2,3654
OTOG,3655
AFF3,3656
H1BP3,3657
AAPK1,3658
C1R,3659
SLK,3660
CD29,3661
NCOR2,3662
TBA4B,3663
HMGN3,3664
KLK6,3665
MGST3,3666
MX1,3667
TCOF,3668
RAP1B,3669
SCX,3670
DGKA,3671
WDR18,3672
SYNE2,3673
T2FA,3674
PLCH1,3675
IGK,3676
RNPS1,3677
PLHD1,3678
TPIS,3679
PP6R3,3680
CLA,3681
RHOG,3682
WDR75,3683
MGAP,3684
ALDOC,3685
ROAA,3686
CD305,3687
ERBB3,3688
RL17,3689
CYB5,3690
O52N2,3691
DJC21,3692
SATB1,3693
HOOK3,3694
DCD,3695
MSTO1,3696
RN214,3697
FKB1A,3698
PHAR4,3699
GIPC1,3700
MXRA7,3701
ULA1,3702
RTKN2,3703
CD200R1,3704
CD254,3705
CD268,3706
HGH1,3707
CD192,3708
PNPT1,3709
S15A5,3710
VGF,3711
FAH2A,3712
LRSM1,3713
KAD4,3714
TIPRL,3715
CSPP1,3716
RAD50,3717
ENAH,3718
PSME3,3719
RB6I2,3720
LRC8B,3721
PPM1G,3722
BAIP2,3723
NBL1,3724
TMOD1,3725
LNP,3726
IFT56,3727
CD156C,3728
C1QT1,3729
FIP1,3730
RM37,3731
IFN16,3732
UBP15,3733
TCR.2,3734
KIF1B,3735
THAP5,3736
SCAPE,3737
RRP44,3738
CD321,3739
RAB2A,3740
MCM4,3741
PKHD1,3742
ABA,3743
GCN1,3744
MAST.CELL.TRYPTASE,3745
O14CZ,3746
AP1M1,3747
RIC8A,3748
MAGD2,3749
PDZD2,3750
PWP2,3751
HPLN4,3752
INT1,3753
T22D1,3754
TOE1,3755
LMNB2,3756
BPIB6,3757
AP2A1,3758
Z280C,3759
CPVL,3760
CP1A2,3761
NU107,3762
STEEP,3763
TXD17,3764
NOTCH.4,3765
ZN732,3766
ES8L3,3767
EIF3B,3768
ELAP1,3769
COX7C,3770
TIGD1,3771
ZN185,3772
SF3B2,3773
DPS1,3774
THIO,3775
FLII,3776
TBB4B,3777
NEK9,3778
NOVA2,3779
CD31,3780
CEND,3781
STAU2,3782
RBM27,3783
DYH17,3784
ERI2,3785
TAGL2,3786
MELPH,3787
PRDM6,3788
K0825,3789
AXIN1,3790
CKAP5,3791
MEIG1,3792
SH3L3,3793
SCAFB,3794
AL3A1,3795
SORCN,3796
CDC42,3797
RFA3,3798
ZFY16,3799
KCNS1,3800
CD58,3801
SPAT1,3802
KLHL4,3803
DR3,3804
B7.H6,3805
CD331,3806
PPME1,3807
LETM1,3808
ZN200,3809
VWA2,3810
S15A1,3811
UBP35,3812
ICT1,3813
TCPZ,3814
GLCI1,3815
DPP10,3816
HORN,3817
GT252,3818
RUXG,3819
SEC13,3820
PSF2,3821
B7H4,3822
GLYC,3823
C11B2,3824
IF122,3825
MARH1,3826
WGA,3827
HXK1,3828
CAC1D,3829
MISP,3830
SP9,3831
UTP15,3832
HOOK1,3833
PCDA9,3834
BCL.2,3835
F90AP,3836
BRWD1,3837
TIAR,3838
ZBBX,3839
PLPHP,3840
APC16,3841
PASD1,3842
PRKRA,3843
CD224,3844
TRXR1,3845
KS6A6,3846
DHI1L,3847
RBBP4,3848
BASOPHIL,3849
CK016,3850
PCY2,3851
RABL6,3852
GG6LA,3853
SUMO1,3854
SPT33,3855
DENV.E,3856
LIN54,3857
KSR1,3858
PUM2,3859
CD151,3860
ZN564,3861
EHBP1,3862
ILF3,3863
REXO1,3864
NDUB5,3865
DNJB9,3866
TNI3K,3867
CD931,3868
SC31A,3869
GET3,3870
NDUS1,3871
CFA47,3872
TB10A,3873
FUMH,3874
FKBP7,3875
CTNB1,3876
UBE2H,3877
RBM28,3878
HEMH,3879
PKHO2,3880
LONM,3881
BAIP3,3882
DC1I2,3883
RIR2,3884
PDK3,3885
SOGA3,3886
EZH2,3887
RGS10,3888
SMTN,3889
RM41,3890
PGR,3891
PB1,3892
LITD1,3893
UBP49,3894
CLAP2,3895
TDRD1,3896
PERL,3897
INF2,3898
RGL1,3899
PMVK,3900
PHF6,3901
NOMO2,3902
NUDC,3903
TBCD9,3904
DMD,3905
UBP33,3906
ZN697,3907
TSN,3908
NOM1,3909
NOMO1,3910
PEG10,3911
HDAC1,3912
SYTC,3913
VCY1,3914
HIPK1,3915
GNL3,3916
NALDL,3917
CCD14,3918
KBTB3,3919
RASL3,3920
FAM3B,3921
IGLC7,3922
PKDRE,3923
NCPR,3924
BAP29,3925
DCX,3926
SASH1,3927
ADDB,3928
CD54,3929
MYH11,3930
PALM2,3931
UFM1,3932
PARI,3933
COPB,3934
PAIP2,3935
CNTN3,3936
IPO9,3937
QCR6,3938
LANC1,3939
MTG16,3940
BCL6,3941
VIGLN,3942
TTLL1,3943
VDAC1,3944
COX14,3945
MN1,3946
YBOX3,3947
LSP1,3948
CD98,3949
FL2D,3950
TROP.2,3951
SYSM,3952
SCN3A,3953
PIAS1,3954
CTTB2,3955
RALA,3956
MPPA,3957
RACK1,3958
CSR2B,3959
CATC,3960
PEX5R,3961
TRIM9,3962
AT1A1,3963
STN1,3964
KDM1B,3965
PMFBP,3966
ZN317,3967
ILF2,3968
NPC2,3969
NAT10,3970
SHLB1,3971
FBXL3,3972
FMNL1,3973
PSD3,3974
T126B,3975
GDIR1,3976
TI23B,3977
CHSS3,3978
KIFA3,3979
TBA1C,3980
SF3B1,3981
NB93DI,3982
DNJB6,3983
ADK,3984
MSH6,3985
MDHM,3986
BRD3,3987
CE164,3988
SMYD5,3989
MEAK7,3990
CD244,3991
US6NL,3992
CD13,3993
CLAT,3994
IGL,3995
NCF4,3996
TCAIM,3997
OSER1,3998
ATRAP,3999
NCBP2,4000
ZSWM2,4001
TRI38,4002
CSN6,4003
HPPD,4004
5HT1A,4005
CTNA3,4006
MIC13,4007
KR111,4008
BLVRB,4009
COMA1,4010
MK04,4011
CD195,4012
PYRD2,4013
MLH3,4014
USH2A,4015
WDR74,4016
TRI25,4017
MANF,4018
MIRO2,4019
SYJ2B,4020
LS14B,4021
MECOM,4022
LGMN,4023
PCF11,4024
CAVN1,4025
CC163,4026
CD70,4027
XRN1,4028
LZTS2,4029
CRIP2,4030
PTPRN,4031
TCRG1,4032
PALLD,4033
PRA17,4034
LLT.1,4035
CD340,4036
IL17C,4037
Z585B,4038
SPIDR,4039
SRPRA,4040
IL.23P19,4041
ATPO,4042
THS7B,4043
EREP2,4044
SDHB,4045
HLA.DRB,4046
ZN682,4047
PP4C,4048
RBL2,4049
TBCD4,4050
ANTR1,4051
NKRF,4052
TDRD9,4053
CTF18,4054
NT5D1,4055
RU2B,4056
APOL2,4057
S38A2,4058
MA7D3,4059
LRC40,4060
SPEG,4061
CDC73,4062
DYR1B,4063
RD3,4064
PPM1A,4065
TMPS7,4066
B2M.1,4067
EFCB5,4068
CP046,4069
K1522,4070
CCAR2,4071
ZSWM6,4072
CDHR2,4073
OBI1,4074
CD194,4075
SCRB1,4076
DDX47,4077
NXF1,4078
COX5B,4079
CD161,4080
TBET,4081
MYH7B,4082
ZBT40,4083
CD62E,4084
DESM,4085
ECE1,4086
LRC31,4087
BDP1,4088
CXL16,4089
TMX4,4090
MAMC2,4091
GABRB3,4092
GMDS,4093
HECD2,4094
DHSO,4095
DPP3,4096
PGAM1,4097
PCNA,4098
CISD1,4099
QCR9,4100
ROA1,4101
KIF2A,4102
FBRS,4103
4EBP1,4104
UBP16,4105
CNGA3,4106
CSDE1,4107
FA98C,4108
NFU1,4109
LRC66,4110
CEBPZ,4111
RASF1,4112
ULBP2,4113
AMACR,4114
LYPA1,4115
RIC3,4116
LMBL3,4117
CD354,4118
KIFC1,4119
HELIOS,4120
SUZ12,4121
ARMX4,4122
SYAP1,4123
ZSA5A,4124
DESP,4125
TMED7,4126
TGS1,4127
TOM5,4128
TCR,4129
CHD2,4130
BID,4131
LSM3,4132
CN028,4133
CD100,4134
RM13,4135
CD19,4136
HNRPD,4137
C144B,4138
SFT2B,4139
MALD3,4140
CE350,4141
ZN397,4142
KDM5A,4143
MYO1B,4144
WDR81,4145
APCL,4146
F184A,4147
TCR.VB23,4148
RL13A,4149
ATR,4150
SSRA,4151
G3ST1,4152
VPS4A,4153
CR1L,4154
HINT2,4155
RELN,4156
DNPEP,4157
R3HD2,4158
CD150,4159
MAP4,4160
TGON2,4161
ADA18,4162
SGPP1,4163
FOLATERECEPTORBETA,4164
TCEA3,4165
GGCT,4166
GDF11,4167
P73,4168
FABP4,4169
PEA15,4170
CD85G,4171
PLST,4172
PHS,4173
PQBP1,4174
NUP43,4175
SOX2,4176
F120A,4177
HGS,4178
FLT4,4179
ROCK2,4180
VDAC2,4181
S27A3,4182
LAMC2,4183
S10A8,4184
CTDP1,4185
CD140B,4186
CD272,4187
IGG,4188
IMP2L,4189
LIPI,4190
GLI,4191
RABE1,4192
MFHA1,4193
CAH8,4194
RT63,4195
BIRC5,4196
SYMC,4197
ACTBL,4198
CUL4A,4199
MRP,4200
SIM1,4201
F110D,4202
CE058,4203
ANS1A,4204
QCR2,4205
PARN,4206
ERIC3,4207
DOCK2,4208
KPCD,4209
CD36,4210
RL32,4211
MGA,4212
TCRVA24.JZ18,4213
RS19,4214
GOGA3,4215
ATNG,4216
ADCK5,4217
SNX19,4218
OSMR,4219
WSCD1,4220
NOC2L,4221
TRNK1,4222
KMT2C,4223
KC1A,4224
ABRAL,4225
SNX8,4226
IF4G1,4227
BI2L1,4228
IL.12,4229
PTPRQ,4230
RL35,4231
RSH4A,4232
TTLL3,4233
PTMA,4234
APOBR,4235
S35F3,4236
AASS,4237
PO2F2,4238
ITPR2,4239
PSMD6,4240
RADI,4241
MYO7A,4242
CB016,4243
CD122,4244
STXB2,4245
TMM40,4246
HNRPC,4247
ARF5,4248
NOTCH,4249
SC61B,4250
PRI2,4251
AT2B4,4252
HDGF,4253
STXB1,4254
AF1L1,4255
CO4A4,4256
CNBD2,4257
PMM2,4258
RPAB4,4259
E41L5,4260
RHG28,4261
IRS4,4262
RAB14,4263
TACC2,4264
OR9G4,4265
HS71A,4266
TRI26,4267
FKBP3,4268
HNRDL,4269
CD73,4270
TXLNA,4271
CYTB,4272
SSNA1,4273
VCIP1,4274
AT5G3,4275
SYTL1,4276
CAF1B,4277
LRRC9,4278
GRB2,4279
B3GL1,4280
OAS3,4281
TGT,4282
CNTLN,4283
ATP5I,4284
CD61,4285
NOP14,4286
SSRD,4287
GOGB1,4288
RHG10,4289
EF1G,4290
RTN4,4291
TBA1B,4292
AT5G1,4293
M3K4,4294
ZEP1,4295
CATG,4296
GABPA,4297
TFPI2,4298
BGH3,4299
EP300,4300
ZN207,4301
BAG2,4302
HNRPK,4303
ERH,4304
CD162,4305
SLN12,4306
G3BP2,4307
INAVA,4308
TERA,4309
ENK18,4310
ACSL6,4311
NB5R2,4312
IL6,4313
QOR,4314
PSA3,4315
S3TC2,4316
CD2B2,4317
FA83D,4318
HNRPF,4319
ACC.P,4320
ZN277,4321
GDIA,4322
KIR3DL2,4323
TMC1,4324
YIPF5,4325
PDLI5,4326
LZTL1,4327
TSN2,4328
AIMP1,4329
INT8,4330
BRSK1,4331
PTC2,4332
RU17,4333
UBP14,4334
ZFP14,4335
EDAD,4336
ERAP2,4337
MMP28,4338
CD11B,4339
O4F15,4340
CLCN1,4341
CC180,4342
SYTC2,4343
ZN740,4344
KIF2C,4345
PCLO,4346
FBX38,4347
TMM33,4348
TPH1,4349
GBA1,4350
VP13D,4351
SFPQ,4352
VATB2,4353
SAE2,4354
BUD23,4355
PSMD3,4356
SF3A3,4357
ZN530,4358
PAX8,4359
L10K,4360
CD318,4361
I17RA,4362
ACM1,4363
H2B3B,4364
RM54,4365
MMP16,4366
ACBP,4367
AREL1,4368
CE290,4369
EDEM2,4370
LRR70,4371
U17L7,4372
HS74L,4373
RNPL1,4374
MAGBG,4375
MED4,4376
LRC8C,4377
CD59,4378
AXA81,4379
TRA2B,4380
WDR26,4381
UTS2,4382
WDR5,4383
NUCB2,4384
RPA49,4385
CD57,4386
CD24,4387
TM202,4388
PFD2,4389
CD49F,4390
P4HA1,4391
REN3A,4392
PWP1,4393
RAB8A,4394
JIP2,4395
OBF1,4396
WLS,4397
CUL2,4398
CD317,4399
RL27,4400
RTRAF,4401
PDCD4,4402
CP343,4403
MMP3,4404
MICA.MICB,4405
TBCEL,4406
BMS1,4407
HE4,4408
BICD2,4409
OTOF,4410
LKHA4,4411
CYRIB,4412
KCC2B,4413
CNRP1,4414
NCKP1,4415
P4HA2,4416
FCRL6,4417
ERF1,4418
HERC2,4419
UBA6,4420
TIF1B,4421
ACS2L,4422
IGM,4423
ASHWN,4424
LYMPHOTOXIN.RECEPTOR,4425
ANTIBIOTIN,4426
SPTA1,4427
CD18,4428
IKBA,4429
ETFA,4430
GRAP1,4431
ST2B1,4432
APEX1,4433
CRERF,4434
NF1,4435
KANK1,4436
LAMB4,4437
DYR,4438
BGIN,4439
CC105,4440
SPCS2,4441
CE152,4442
P20D1,4443
K2C8,4444
PAFA,4445
LMAN2,4446
PARP1,4447
S38A8,4448
CC191,4449
LMBL2,4450
MYO5C,4451
CUX1,4452
CTBP2,4453
REEP5,4454
ATS19,4455
SVBP,4456
CHP1,4457
TM10C,4458
YM012,4459
KPYM,4460
EAF2,4461
LIGO1,4462
DYH12,4463
NRP2,4464
CASQ2,4465
CRCC2,4466
ZNF2,4467
ODPB,4468
VASP,4469
2AAA,4470
KREM1,4471
ZRAB2,4472
SKI,4473
CHM4B,4474
MARF1,4475
SODC,4476
MYLK2,4477
CD344,4478
TCEA1,4479
MSH2,4480
BAX,4481
RS3A,4482
RBL1,4483
HEM1,4484
POC1B,4485
CPNE7,4486
PYGB,4487
FRAS1,4488
GLYL2,4489
ITSN1,4490
FBLL1,4491
AL5AP,4492
RBM12,4493
GLRX5,4494
S28A2,4495
EIF3A,4496
DLG5,4497
CYGB,4498
CD186,4499
EXOC8,4500
NDUS7,4501
BHE22,4502
TWF2,4503
INTEGRIN,4504
TANC2,4505
RS2,4506
ECHM,4507
SC22B,4508
MFA3L,4509
AKAP2,4510
KCNQ1,4511
APMAP,4512
UB2E2,4513
NOTCH3,4514
RAB5A,4515
TLN2,4516
ABCA8,4517
E41L2,4518
RAB32,4519
H2AY,4520
MLEC,4521
S30BP,4522
THUM2,4523
RM12,4524
TBCA,4525
ERLN1,4526
ARAF,4527
TOLIP,4528
PCDP1,4529
CLCN7,4530
OTU7B,4531
CD277,4532
CD370,4533
DNJA4,4534
UBC9,4535
LDLR,4536
SRA1,4537
ANT3,4538
RF1M,4539
MTF1,4540
ML12B,4541
UBL5,4542
ACRO,4543
LRRK2,4544
UBP20,4545
SSBP,4546
CDC37,4547
ATPMK,4548
PFKAP,4549
GUC2C,4550
TPM4,4551
CD39,4552
HLAB,4553
MPRD,4554
NU133,4555
GAPDH,4556
CD68,4557
DRP1,4558
CANB1,4559
CAC1C,4560
EDC3,4561
IRAG2,4562
PPT1,4563
CRTAP,4564
BMP4,4565
ERVV2,4566
CLSPN,4567
CD74,4568
APLF,4569
IF4B,4570
TPPP3,4571
AMRA1,4572
HAIR,4573
NKP80,4574
AN32E,4575
ADPRS,4576
S10AB,4577
YJU2,4578
MYB,4579
MS3L2,4580
PK1L3,4581
ACBG1,4582
T2FB,4583
XCR1,4584
CO8A2,4585
SKIL,4586
SMD3,4587
KLHL9,4588
RIMB1,4589
ZMYM3,4590
XPO1,4591
RAD21,4592
GNA11,4593
ZN142,4594
EXOS6,4595
ENOF1,4596
FIS1,4597
PDXD1,4598
KDM3B,4599
PRDX2,4600
JMJD6,4601
ACOT1,4602
LTOR3,4603
CATW,4604
SNG2,4605
RPGF6,4606
NRX3A,4607
GNAI2,4608
PC11Y,4609
GMEB2,4610
C1QT7,4611
MPCP,4612
GLB1L,4613
F111B,4614
CHRD1,4615
LEO1,4616
CO6A1,4617
AEBP1,4618
BIRC3,4619
NAA50,4620
YTDC2,4621
SCD,4622
TRPA1,4623
GNPI1,4624
DDX11,4625
ZNF66,4626
NOD1,4627
CASP3,4628
MAP1B,4629
AR6P4,4630
SCAM4,4631
S10A9,4632
SET,4633
PLD6,4634
PRE.BCR,4635
P210L,4636
NP1L1,4637
MTDC,4638
ASPG,4639
NUMA1,4640
KIFC3,4641
IF6,4642
STK10,4643
EMSY,4644
KR102,4645
PLXB3,4646
NDUA4,4647
CD307E,4648
TXLNG,4649
CRTC1,4650
B4GT4,4651
ACSL1,4652
TF3C5,4653
CAF1A,4654
ALLC,4655
GGE2D,4656
AAMP,4657
HDHD5,4658
CD86,4659
AP2M1,4660
ZN490,4661
HTF4,4662
PHLP1,4663
BCAS3,4664
GVQW3,4665
MBTP1,4666
CD301,4667
FYV1,4668
PSD10,4669
ADCYA,4670
PP1A,4671
FPRP,4672
BNC1,4673
KAP2,4674
CSN8,4675
RIM3A,4676
ASIC1,4677
FKB15,4678
NDUA9,4679
FHDC1,4680
RBM44,4681
KLH41,4682
CD79B,4683
PLIN2,4684
STXB4,4685
NSUN5,4686
IF2B2,4687
GBP1,4688
TMM62,4689
ZN594,4690
IRPL1,4691
UCK2,4692
CD360,4693
CADM1,4694
ANO2,4695
RS23,4696
SYRC,4697
REC8,4698
TBC15,4699
KPRB,4700
AN18A,4701
TMCO1,4702
REXO5,4703
NU153,4704
PCBP1,4705
NOL6,4706
MOT13,4707
MIP1B,4708
RNT2,4709
DISP1,4710
HERC4,4711
PSD12,4712
UBR4,4713
PLCL2,4714
STPG3,4715
ERF3A,4716
ABCB7,4717
CRKL,4718
UFSP2,4719
BDH,4720
RP1,4721
RT30,4722
RAB1B,4723
AAAT,4724
STOM,4725
ATP68,4726
FAN1,4727
PRB,4728
TPH2,4729
HMOX2,4730
SPXN2,4731
CDC5L,4732
CD221,4733
PCX3,4734
LHPL6,4735
RPB1,4736
PCID2,4737
DYHC1,4738
PFKAM,4739
FR1L4,4740
AMPD3,4741
PR38B,4742
KCND2,4743
HCDH,4744
DPOLB,4745
UBB,4746
DEOC,4747
NOL8,4748
SYTL5,4749
AP5Z1,4750
BUB1B,4751
C2AIL,4752
CRLF1,4753
WNT8A,4754
ZDBF2,4755
DCAF6,4756
I17RC,4757
ZBT17,4758
CREB,4759
RPC1,4760
PDIA2,4761
KAISO,4762
EYS,4763
COG4,4764
IL5,4765
CLCKB,4766
ZN446,4767
ANO4,4768
GNAQ,4769
LPPRC,4770
P66A,4771
DYH5,4772
ACTN4,4773
MCP1,4774
SCMH1,4775
VGFR1,4776
HLA.A,4777
MET17,4778
TBL2,4779
LRP1B,4780
PA1B3,4781
TNKS2,4782
ANXA8,4783
SREK1,4784
IL1FA,4785
PCDBA,4786
WASH1,4787
RICTR,4788
PR14L,4789
FRY,4790
RHG05,4791
SHAN1,4792
ABC3F,4793
CHAP1,4794
RET1,4795
TM263,4796
NWD2,4797
TEAD1,4798
MEIOS,4799
CD184,4800
B3GA3,4801
PUROMYCIN,4802
TBCB,4803
CYC,4804
VWA7,4805
NDUA8,4806
PTK6,4807
SC23B,4808
LRC45,4809
TMC5B,4810
HYPDH,4811
TAF3,4812
GNA15,4813
RIBC2,4814
IPYR2,4815
TYW5,4816
INP4B,4817
BASP1,4818
SYFA,4819
PRS7,4820
MAPK3,4821
RELL1,4822
ARRB1,4823
CNTN5,4824
CELF2,4825
SART3,4826
BPHL,4827
TIRR,4828
H2A2C,4829
FND3B,4830
1433F,4831
ASTN2,4832
PDC10,4833
CC74B,4834
NDUV3,4835
ATPG,4836
E2F1,4837
CATB,4838
N4BP2,4839
S14L1,4840
FUT11,4841
ARMC6,4842
MCM7,4843
SYT14,4844
RRP36,4845
CLD4,4846
GBB2,4847
NOMO3,4848
NEU1B,4849
CD28,4850
RD23A,4851
PA2G4,4852
TBC8B,4853
SMRCD,4854
RL29,4855
IMA3,4856
STMN2,4857
NFH,4858
COGA1,4859
PSG11,4860
PPIL2,4861
SC16A,4862
MET2B,4863
MUC19,4864
ZN484,4865
DHB4,4866
SH3G3,4867
C170B,4868
PIAS2,4869
MIEN1,4870
CHK1,4871
RAP1A,4872
RBX1,4873
CD183,4874
RADX,4875
UBE2N,4876
GRM2A,4877
IDHP,4878
MYCBP,4879
R3HD1,4880
CD253,4881
SOX15,4882
PUR1,4883
OR1L4,4884
SPHK1,4885
CLC4F,4886
TAOK2,4887
ANM1,4888
RBPS2,4889
PACN2,4890
EI2BA,4891
SORC2,4892
KIF7,4893
LRRK1,4894
HDAC9,4895
SFRP3,4896
MYO9B,4897
CP131,4898
OAF,4899
CD243,4900
H12,4901
CARF,4902
CD205,4903
ECD,4904
STAT5,4905
TAC2N,4906
PLXB2,4907
GOGA2,4908
UTP20,4909
THOP1,4910
MACF1,4911
M3K5,4912
CMTR1,4913
ASGL1,4914
SC65,4915
FBXL2,4916
TP4A2,4917
EBP2,4918
ZN542,4919
NPAS4,4920
AT2C2,4921
GDIB,4922
CTNA1,4923
GSK3A,4924
LUZP2,4925
PRAM,4926
RAB6D,4927
PRDX1,4928
BGAL,4929
H2AZ,4930
DSCAM,4931
SPT48,4932
RM15,4933
SRS11,4934
CD79A,4935
ZEP3,4936
TCR.GAMMA.DELTA.11F2,4937
RS15A,4938
3HIDH,4939
GBRP,4940
CEP43,4941
IF2A,4942
FUS,4943
CEAM6,4944
GG6L2,4945
MCM2,4946
PDK1L,4947
LAL,4948
CBS,4949
SPNS1,4950
SUN2,4951
CGRF1,4952
PLEC,4953
CD337,4954
TPM3,4955
TMOD3,4956
LRIF1,4957
AT133,4958
HCLS1,4959
PTBP3,4960
HLA.F,4961
RT33,4962
WDR11,4963
TRA.1.60.R,4964
IF4G2,4965
BCAT2,4966
KTN1,4967
MALT1,4968
NR5A2,4969
LRP12,4970
ZN516,4971
NLE1,4972
TOP1,4973
GALT2,4974
MY18B,4975
EXOC5,4976
DYH8,4977
SUCB1,4978
FAHD1,4979
PHF14,4980
EI2BG,4981
ERO1A,4982
FOLATE,4983
RBM8A,4984
HPRT,4985
OR5T2,4986
PPARR,4987
ZN445,4988
PPIL1,4989
SH24A,4990
TR112,4991
ZZEF1,4992
AL4A1,4993
TRI17,4994
ALKB1,4995
TOPRS,4996
MUC16,4997
CCD61,4998
ADA17,4999
CD198,5000
RCN1,5001
BYST,5002
PDZD7,5003
AL1A3,5004
ECHP,5005
AP3B1,5006
CD112,5007
MCU,5008
FHOD3,5009
CC122,5010
FSP1,5011
ODB2,5012
IMA1,5013
GSTP1,5014
GIN1,5015
NSF,5016
PTEN,5017
PHOSPHO.TAU,5018
ZN692,5019
VATG1,5020
S10A2,5021
SBNO1,5022
EREP1,5023
RIPR2,5024
K1C17,5025
AGRG7,5026
WDR62,5027
LUC7L,5028
DHX9,5029
GLOD4,5030
PRD11,5031
SSEA.4,5032
AVR2A,5033
SH3K1,5034
RN123,5035
RPRD2,5036
CA122,5037
CABYR,5038
MYO5A,5039
NKX26,5040
KAD2,5041
CO5,5042
CD82,5043
LDH6A,5044
TM115,5045
WWP2,5046
SARNP,5047
RUN3B,5048
BPNT1,5049
NEK2,5050
DCAF7,5051
TM260,5052
PAWR,5053
NIP7,5054
RGAP1,5055
IP.10,5056
GM.CSF,5057
SAP3,5058
ZN326,5059
SP2,5060
WDR87,5061
LTOR1,5062
COA7,5063
PAF1,5064
SCND2,5065
FERM2,5066
FANCI,5067
AMPL,5068
RS27,5069
RECQ1,5070
SPAT2,5071
TDGF1,5072
5MP1,5073
TRI67,5074
ZN618,5075
RPAC1,5076
NEDD8,5077
CCD50,5078
PRPS2,5079
BUD13,5080
RL6,5081
MDGA2,5082
TB182,5083
CALR3,5084
AGRB3,5085
CD135,5086
ACBD5,5087
SWP70,5088
CHSTA,5089
GNS,5090
A16L1,5091
CNST,5092
WBP11,5093
SEC63,5094
DLRB1,5095
SUCA,5096
ZN365,5097
RBBP7,5098
KCNT1,5099
MESOTHELIN,5100
TYSY,5101
SERF2,5102
PGBM,5103
CD155,5104
RS28,5105
CD114,5106
P4HA3,5107
PARP4,5108
ASB3,5109
TM165,5110
PDC6I,5111
GT251,5112
NDRG1,5113
LR14B,5114
OSTF1,5115
STK11,5116
MIF,5117
RB27B,5118
NKG2A,5119
WDR1,5120
TCR.V.9,5121
ENDD1,5122
RUXGL,5123
CALD1,5124
AHSA2,5125
RB27A,5126
UCHL3,5127
EXOS8,5128
CLU,5129
BEND3,5130
IGG1,5131
TNR6B,5132
IF4A2,5133
S100P,5134
WIPF1,5135
CD220,5136
DHX36,5137
DDB1,5138
RSP14,5139
MAST4,5140
GRHPR,5141
M3K9,5142
ERCC5,5143
URM1,5144
CD23,5145
RL3,5146
UMPS,5147
NTF2,5148
CP2E1,5149
CCRL2,5150
GAPD1,5151
LA,5152
ROBO3,5153
ZN502,5154
PRDM2,5155
UBE2T,5156
CIP2A,5157
RER1,5158
HSP7E,5159
TIGD5,5160
THIM,5161
CNN2,5162
RTTN,5163
FDFT,5164
G6PD,5165
PRDM9,5166
SARDH,5167
CSN2,5168
TADBP,5169
CD25,5170
AGR2,5171
IF2G,5172
ZBT11,5173
CX058,5174
CD164,5175
DDX10,5176
GPR56,5177
RBBP6,5178
PREB,5179
C1TM,5180
SESN3,5181
CC188,5182
GON7,5183
GSHB,5184
ACTH,5185
SRP14,5186
PGRC1,5187
ZN620,5188
RYR1,5189
EIF3C,5190
KICS2,5191
LMAN1,5192
DCPS,5193
RAB18,5194
USP9Y,5195
GGYF2,5196
APOE,5197
MCM6,5198
CCNL1,5199
KIF11,5200
CYFP1,5201
RBP56,5202
AT1A4,5203
SCYL2,5204
TM230,5205
PCX2,5206
DGCR8,5207
ZBTB5,5208
TR61B,5209
ARI4A,5210
CL16A,5211
NCOR1,5212
CLH2,5213
DDRGK,5214
MXRA8,5215
ABCF1,5216
MD2L1,5217
MD12L,5218
LC7L3,5219
MYO5B,5220
HIKES,5221
FMNL2,5222
CLIP4,5223
TKFC,5224
HELZ,5225
MYO1E,5226
ETFB,5227
MIC60,5228
ZN552,5229
HXD13,5230
RSMN,5231
FYCO1,5232
ADT3,5233
AT7L1,5234
CD300E,5235
ZNF84,5236
ANKE1,5237
S17A5,5238
SKP2,5239
CAN1,5240
CD262,5241
CHM4A,5242
FKB10,5243
MK14,5244
TCO1,5245
ZN311,5246
DDX27,5247
HNRH3,5248
NPA1P,5249
GPHRB,5250
SHIP1,5251
S35F6,5252
VP35L,5253
TPC14,5254
GATA3,5255
SBSN,5256
TBB2A,5257
IFIH1,5258
TVA82,5259
CBPC6,5260
GALT6,5261
ASC,5262
TCRVG9,5263
MMS22,5264
CISY,5265
HMGB1,5266
RAB12,5267
ZCCHV,5268
PEX14,5269
DHB12,5270
DEP1B,5271
DCTN4,5272
DZIP3,5273
PCSK5,5274
OXR1,5275
GRIN3,5276
BMAL2,5277
TBL1R,5278
TRI75,5279
ABCAD,5280
UBXN1,5281
KC57,5282
PRC2A,5283
SPHM,5284
CC157,5285
NSRP1,5286
RS12,5287
VA24,5288
CDK14,5289
PERK,5290
IF5A1,5291
RECQ5,5292
PAK4,5293
PAR16,5294
CD51,5295
RPTOR,5296
TIM4,5297
PERF,5298
SPY4,5299
NFKB1,5300
RLBP1,5301
ZN136,5302
CD64,5303
VDAC3,5304
ID2,5305
NPTN,5306
B2CL1,5307
PTTG,5308
NMUR2,5309
SYC1L,5310
RBM26,5311
EFGM,5312
SLIK5,5313
UN45B,5314
MYCB2,5315
ERC6L,5316
UB2V1,5317
1433Z,5318
CD52,5319
TSNAX,5320
TTC4,5321
ACP7,5322
ADA28,5323
GREM2,5324
AACS,5325
MMP27,5326
PYR1,5327
FA98B,5328
CTL1,5329
ROR1,5330
CSKI2,5331
GPDM,5332
NNTM,5333
PABP1,5334
PLPP,5335
PPCS,5336
GAG.MIX,5337
CD103,5338
SOS1,5339
ATX7,5340
SPCS1,5341
TF3C1,5342
EPB41,5343
XIRP2,5344
HSP76,5345
MDHC,5346
CD137L,5347
CD124,5348
DYH10,5349
CTL4,5350
RAC1,5351
CEAM5,5352
SYCP2,5353
DRC4,5354
CD303,5355
RENT2,5356
BSDC1,5357
UHRF1,5358
DDX42,5359
PSB3,5360
IKZF3,5361
TT30B,5362
AASD1,5363
DPOE4,5364
DCTN2,5365
UEA.1,5366
NTM1B,5367
MAGC1,5368
GTR5,5369
LASP1,5370
CD47,5371
RN217,5372
RS7,5373
COXM1,5374
SPRE2,5375
2A5D,5376
CD87,5377
ULK4,5378
CD355,5379
NICA,5380
ELOC,5381
DOC10,5382
EXPH5,5383
DOK2,5384
GRP75,5385
ZN787,5386
NOLC1,5387
F10A1,5388
ZN189,5389
BRAF,5390
HELQ,5391
LIFR,5392
ZFP69,5393
TRFE,5394
CD146,5395
SPT4H,5396
UCHL5,5397
ZGRF1,5398
HMGB2,5399
CK068,5400
COFA1,5401
ADIG,5402
AN30A,5403
DNLI1,5404
TASOR,5405
ECHB,5406
JUNB,5407
MK01,5408
PAXI1,5409
CI037,5410
NP1L4,5411
DYRK4,5412
PODO,5413
CD2,5414
GALT7,5415
GTR9,5416
KRI1,5417
HNRLL,5418
PSB6,5419
EDRF1,5420
EPS8,5421
MECP2,5422
HIBCH,5423
CD335,5424
FBX22,5425
NCKX5,5426
CCBE1,5427
BAG6,5428
IG.LIGHT.CHAIN.,5429
AGRL3,5430
PLCE,5431
P5CS,5432
C1QA,5433
SPB6,5434
CT2NL,5435
TIAM2,5436
CDK1,5437
RTF2,5438
CAH4,5439
OGFR,5440
DAD1,5441
D42E1,5442
EMC1,5443
TBC23,5444
RPC4,5445
ZN318,5446
ADRO,5447
STX7,5448
U5S1,5449
JAK2,5450
MYO1H,5451
TENS2,5452
HSF5,5453
FHOD1,5454
NALCN,5455
MIPT3,5456
EPDR1,5457
CTIF,5458
HS90A,5459
MBTD1,5460
SENP7,5461
ZN407,5462
TSLPR,5463
NOC3L,5464
TPD52,5465
2ABA,5466
NDUA5,5467
PBX1,5468
CD49D,5469
ZN300,5470
ACSL5,5471
PLGT2,5472
MDN1,5473
SNW1,5474
PLPL6,5475
SENP6,5476
ING5,5477
EMIL1,5478
TRI32,5479
AP3M1,5480
NATD1,5481
S2536,5482
SDCB1,5483
PARK7,5484
CD258,5485
CD169,5486
S31C2,5487
LAP2A,5488
CRNN,5489
WASC4,5490
CD167A,5491
OSBP1,5492
DQA2,5493
ZN366,5494
RPGR1,5495
ATP5H,5496
THADA,5497
LGR5,5498
HOMEZ,5499
MARK2,5500
AKA11,5501
FUBP1,5502
NLRP6,5503
TSBP1,5504
CENPE,5505
DDAH1,5506
GP180,5507
ANGP2,5508
AGR3,5509
RP1BL,5510
CE112,5511
DYH2,5512
BRDU,5513
GAS2,5514
SEM4C,5515
PCBP2,5516
NRX2A,5517
CCD39,5518
WASC3,5519
VPS8,5520
GOT1A,5521
BTG4,5522
SYFM,5523
XPF,5524
MERTK,5525
ARGI2,5526
SCAM1,5527
LAR1B,5528
RHG33,5529
G3ST2,5530
F124A,5531
LC7L2,5532
U520,5533
CD11A.CD18,5534
RGPA1,5535
TCR.ALPHA.BETA,5536
H31,5537
FMN1,5538
SF3B5,5539
MO4L2,5540
CA2D2,5541
LCMT1,5542
VTI1A,5543
NPL4,5544
STAP1,5545
LYAG,5546
TCAF2,5547
TSSK4,5548
SC23A,5549
C8AP2,5550
NPM,5551
CH033,5552
COPD,5553
PA1B2,5554
SPAT5,5555
TCPH,5556
SLTM,5557
SON,5558
ID3,5559
PGS2,5560
SNP29,5561
HUTU,5562
PRAF3,5563
CD40,5564
YMEL1,5565
DNMT3L,5566
NACAD,5567
LSM6,5568
RBM19,5569
HEG1,5570
NCHL1,5571
OPN4,5572
TMED2,5573
FAIM3,5574
HAOX1,5575
PHIP,5576
DHX30,5577
CTCF,5578
ZO2,5579
RINT1,5580
SRRT,5581
SMCA5,5582
WDFY4,5583
NOL9,5584
CD200R,5585
ALDOA,5586
ENY2,5587
RESF1,5588
CO6A3,5589
PTGES,5590
AHNK,5591
DYH6,5592
NNRE,5593
NIPS2,5594
NCLN,5595
PCNT,5596
DNAI1,5597
MMRN1,5598
LBR,5599
DNJA1,5600
PCNP,5601
MAGI3,5602
RL28,5603
ZN431,5604
RS11,5605
TCRAB,5606
SDHA,5607
ITPR3,5608
HEAT4,5609
UBP7,5610
ZN597,5611
IFT80,5612
GP119,5613
PDIA1,5614
SMRD3,5615
COX20,5616
NSUN2,5617
MTAP,5618
IQGA2,5619
NICN1,5620
SMC3,5621
TCRVD2,5622
RBMS1,5623
TPM2,5624
RAB25,5625
ABHEB,5626
RHGBA,5627
PTN21,5628
ZN749,5629
DCXR,5630
PCY1B,5631
IF2P,5632
OXSR1,5633
CUL4B,5634
DLL1,5635
SYTL4,5636
KMT2D,5637
AKAP3,5638
PSB2,5639
RL7,5640
DECR,5641
CLAP1,5642
H14,5643
DD19A,5644
RBCC1,5645
EF1A2,5646
TRI15,5647
CC50B,5648
PKP3,5649
NGRN,5650
CK037,5651
CE85L,5652
REX1,5653
BRE1B,5654
KS6A4,5655
ZFP92,5656
RM22,5657
IGHA2,5658
CD45RA,5659
PSA5,5660
SNX12,5661
OCAD2,5662
CD129,5663
CD235A,5664
ST1C2,5665
CEPT1,5666
ZN658,5667
MGT5A,5668
FAP,5669
RM50,5670
RM44,5671
RHG20,5672
COJA1,5673
ETV6,5674
TCR.GD,5675
KNL1,5676
TRI14,5677
EFTU,5678
RASE,5679
EFC4B,5680
UFD1,5681
PKHH2,5682
MOB1A,5683
NXP20,5684
PTPRZ,5685
VP33B,5686
KCNS2,5687
FA83F,5688
SEM5A,5689
TMEDA,5690
PKD1,5691
TXND5,5692
SAM50,5693
RS14,5694
RM09,5695
PDLI1,5696
CABP1,5697
SLIRP,5698
SERA,5699
LAIR2,5700
NEAS1,5701
NEP1,5702
STXB3,5703
USP9X,5704
KLRG1,5705
CN37,5706
G6PI,5707
HMCS1,5708
TNR6A,5709
SRCA,5710
DDX52,5711
TOX,5712
ANR35,5713
UBE2S,5714
AK1BA,5715
UBE2C,5716
DPOLQ,5717
C1TC,5718
RORGD,5719
RFIP4,5720
AMER2,5721
HES1,5722
TETRAMER.2,5723
CD166,5724
USO1,5725
ACON,5726
JAGGED.2,5727
UB2L6,5728
GEMI2,5729
K22E,5730
P53,5731
RBM43,5732
DNJA2,5733
SNF8,5734
BAF,5735
JARID2,5736
PCDG2,5737
RL34,5738
SYLM,5739
DGKH,5740
DYH9,5741
CD106,5742
LENG8,5743
TLS1,5744
DRD2,5745
MAGL2,5746
AP1G1,5747
LCA5L,5748
RM11,5749
NSE2,5750
SAPL1,5751
MON1A,5752
CD16,5753
DDX24,5754
HACD3,5755
HERC1,5756
PGS1,5757
LDHB,5758
RUSF1,5759
PAIRB,5760
ROA3,5761
RHPN1,5762
TUB,5763
CGAT1,5764
DDX23,5765
RS3,5766
F223A,5767
SENP2,5768
CD110,5769
HDAC2,5770
MGRN1,5771
GARS,5772
SPTN2,5773
FOCAD,5774
NPTX2,5775
SMC5,5776
C2D1A,5777
ODFP2,5778
K1C18,5779
UBCP1,5780
SPDLY,5781
COIL,5782
IMP3,5783
CD212,5784
TR49C,5785
A1BG,5786
CSTF3,5787
ELOA1,5788
RCN3,5789
CD290,5790
SNX11,5791
ACY1,5792
TIDC1,5793
CENPF,5794
CD235AB,5795
WWTR1,5796
TMC5A,5797
NLRP2,5798
RUVB1,5799
GBB4,5800
RHOA,5801
LGUL,5802
MARCO,5803
GLCNE,5804
EPN4,5805
GG6LV,5806
ZN33A,5807
TAAR1,5808
SRSF5,5809
THOC5,5810
SYNM,5811
CY1,5812
TIA1,5813
FCERIA,5814
GA2L3,5815
TEX12,5816
NRIP3,5817
UBFD1,5818
ZN551,5819
CAR,5820
CD15,5821
CTND1,5822
RS27L,5823
AAKG2,5824
C2D2B,5825
ASXL3,5826
DCP1B,5827
PIN4,5828
FADD,5829
PABP2,5830
ZCHC3,5831
OR2T1,5832
OR2S1,5833
SPEF2,5834
ACTB,5835
CPARP,5836
RFC4,5837
FAN,5838
GANAB,5839
KLK14,5840
ARI2,5841
ARFP1,5842
PR38A,5843
VMA21,5844
CD261,5845
THUM3,5846
CD255,5847
GLYM,5848
GOT2,5849
PLA2R,5850
C19L2,5851
LRC55,5852
TRIM5,5853
VINC,5854
CNTN2,5855
CC150,5856
MICA3,5857
RSPRY,5858
KIR2DL5,5859
CCER1,5860
CATD,5861
HLA.DPB1,5862
DYRK3,5863
NOP9,5864
SEM4A,5865
LMBD1,5866
MRCKA,5867
VATH,5868
MISSL,5869
PAPS2,5870
VPS35,5871
PLXA2,5872
ABD12,5873
IFT25,5874
TYOBP,5875
TOM6,5876
TM9S2,5877
EEA1,5878
GRM3,5879
KDM4C,5880
ATP4A,5881
RUVB2,5882
ARI5A,5883
ADT1,5884
BAP31,5885
CD104,5886
ZN814,5887
PTGDS,5888
PGM1,5889
AN20B,5890
EHD2,5891
C5L2,5892
LRRN3,5893
FGF16,5894
IDH3B,5895
TRIR,5896
IZUM1,5897
RTL6,5898
SHSA3,5899
ANO10,5900
UBP47,5901
TIM8B,5902
H3K27AC,5903
RS20,5904
AZIN2,5905
PSB7,5906
RT07,5907
STAM2,5908
ZYX,5909
NOE1,5910
PYRG1,5911
SNAIL1,5912
NGDN,5913
SLX9,5914
ZN704,5915
ALKB6,5916
PO5F1,5917
CDY1,5918
ADTRP,5919
DKK3,5920
WRIP1,5921
CHERP,5922
ARMX1,5923
ARPC4,5924
IFIX,5925
XRP2,5926
KI13B,5927
TINAG,5928
CAB45,5929
IF2B,5930
ARL8A,5931
HINT1,5932
CP2S1,5933
ANO5,5934
DRC10,5935
MFAP1,5936
CECR2,5937
CD172G,5938
GDS1,5939
CD248,5940
MRNIP,5941
SUGP1,5942
MDC1,5943
RHG39,5944
ADX,5945
RHOC,5946
TDR10,5947
KPCB,5948
MROH6,5949
DLGP3,5950
RFX6,5951
CD361,5952
CP46A,5953
PUR6,5954
RAI14,5955
SMG1,5956
CAVN3,5957
RC3H1,5958
ANGT,5959
TTC3,5960
PMS1,5961
TLE5,5962
BAHC1,5963
GFRA2,5964
SRCH,5965
DMXL2,5966
RHOU,5967
DAG1,5968
IPO8,5969
NACP4,5970
SPAT7,5971
XLRS1,5972
GCC1,5973
FSCN1,5974
NXT2,5975
HSH2D,5976
CJ095,5977
PGBD2,5978
PIHD1,5979
AL1B1,5980
GSLG1,5981
K2026,5982
ZN706,5983
CD172AB,5984
DCA11,5985
ASSY,5986
MORC3,5987
PASK,5988
MRT4,5989
SIAS,5990
GEPH,5991
U3IP2,5992
CD314,5993
TPX2,5994
S39A3,5995
TMCO4,5996
CYTOKERATIN,5997
INSM1,5998
CHTOP,5999
FATE1,6000
GCR,6001
PNRC1,6002
ZN343,6003
FOXO1,6004
EIF3I,6005
U1SBP,6006
CD56,6007
RAB6B,6008
MADD,6009
TGM2,6010
RBM3,6011
MESD,6012
RT29,6013
IF5,6014
MYPT1,6015
NFIC,6016
SC24A,6017
PSA1,6018
IRF5,6019
MK67I,6020
PECR,6021
IL.1B,6022
FBLI1,6023
CLIC1,6024
GCP3,6025
VP13A,6026
DEFI6,6027
EHD1,6028
ADRM1,6029
CC177,6030
LIPR3,6031
SMCE1,6032
FA47A,6033
MIER1,6034
SRP72,6035
NU155,6036
SMG8,6037
KCAB2,6038
RL14,6039
TNNT3,6040
CD38,6041
SRBD1,6042
TM205,6043
TSH1,6044
TRM13,6045
HPDL,6046
GHRHR,6047
CZIB,6048
SPA2L,6049
TAF5,6050
TGFB2,6051
VRK1,6052
SPTN4,6053
DELTA.OPIOID.RECEPTOR,6054
H13,6055
FOXP1,6056
HSPB2,6057
DRS7B,6058
ACO13,6059
CCND3,6060
K1C10,6061
IL1RA,6062
SCMC1,6063
H2B1H,6064
NPT3,6065
MERL,6066
AP2A2,6067
GBB1,6068
CARM1,6069
ABRX2,6070
MTA2,6071
ATAD5,6072
NASP,6073
NWD1,6074
TOP2B,6075
ATM,6076
NOP56,6077
PLCB2,6078
GATA1,6079
PSMD7,6080
CHIP,6081
IMPA1,6082
RL39,6083
CD158F,6084
FNIP1,6085
IF4E,6086
HSPB1,6087
VTA1,6088
SRSF4,6089
NPCL1,6090
ACTG,6091
CNTRB,6092
THIC,6093
PHOSPHATIDYLSERINE,6094
ATS7,6095
FEN1,6096
ZC3HF,6097
DEST,6098
BRNP1,6099
HDHD3,6100
ONEC3,6101
CCHCR,6102
FKBP2,6103
CAZA1,6104
LCK,6105
CD294,6106
NUP37,6107
IDO,6108
CAPZB,6109
KATL2,6110
SPS2L,6111
RL4,6112
CD127,6113
CACP,6114
COX7B,6115
RL21,6116
ANXA3,6117
EPIPL,6118
LSM5,6119
PCDA1,6120
MPPB,6121
CD300C,6122
DYN2,6123
CIP4,6124
PRDX5,6125
EVI5L,6126
G3PT,6127
S12A1,6128
KI26A,6129
EIPR1,6130
LSM2,6131
MUT7,6132
RHEB,6133
FREM1,6134
KDM3A,6135
PSD11,6136
ZN800,6137
FIGL1,6138
S39AC,6139
DBF4A,6140
CD142,6141
WDR73,6142
RAN,6143
SMU1,6144
IQEC3,6145
KS6A3,6146
MROH8,6147
CALR,6148
GUAD,6149
XPO5,6150
SUSD5,6151
GRANZYMEB,6152
ABCD1,6153
RSSA,6154
ZBT41,6155
WASH3,6156
ARL4C,6157
GBRR1,6158
GPX4,6159
RL36,6160
SIAT6,6161
ESF1,6162
H2A3,6163
TRI66,6164
TNC18,6165
INO80,6166
GFAP,6167
P55G,6168
OPA1,6169
RAB10,6170
MCAF2,6171
BCOR,6172
RRP1B,6173
PDE12,6174
NEBL,6175
SYK,6176
IFT81,6177
DAAF4,6178
THUM1,6179
PTPRA,6180
DPM1,6181
SIGLEC8,6182
EXOS4,6183
CORIN,6184
TVBL5,6185
CP141,6186
NIPS1,6187
RPP30,6188
ADPPT,6189
CBLN4,6190
FEZF2,6191
WDR46,6192
ACOHC,6193
RPOM,6194
CFA65,6195
ARHG7,6196
NAB1,6197
FAIM1,6198
CING,6199
VPS18,6200
LAMB1,6201
SAR1A,6202
PTN13,6203
ITIH2,6204
DLGP5,6205
PPIC,6206
XRCC1,6207
WDHD1,6208
FOLR1,6209
KI21A,6210
PALB2,6211
DRG1,6212
SLF1,6213
FRPD1,6214
STAG2,6215
FKBP8,6216
HMGN4,6217
DEK,6218
PI3R6,6219
NR1I2,6220
PPIP2,6221
HCFC1,6222
SPEM3,6223
XDH,6224
COMD6,6225
CD22,6226
TREF1,6227
MGT4B,6228
MYPOP,6229
PAXI,6230
GELS,6231
OTUB2,6232
CD181,6233
CNOT9,6234
CRIS1,6235
STAB2,6236
RELCH,6237
DMRT1,6238
PNOC,6239
SPE39,6240
SPG7,6241
SAP18,6242
ANXA5,6243
TCHP,6244
NDUA7,6245
PSD1,6246
TMEM119,6247
CD326,6248
CD278,6249
RUNX1,6250
RL11,6251
PPIB,6252
AGRG4,6253
MAP2,6254
SPB1,6255
RS13,6256
PURA,6257
T3HPD,6258
FANCB,6259
LPP,6260
RL23A,6261
RMD3,6262
SR140,6263
PKHG2,6264
RL5,6265
NPC,6266
FARP1,6267
SRSF6,6268
RABX5,6269
HMGA2,6270
CBCO1,6271
GLU2B,6272
NELFB,6273
CD66,6274
CLCB,6275
SC6A9,6276
CD116,6277
GPNMB,6278
CUL3,6279
EI2BE,6280
TOM7,6281
OR2M7,6282
ABCD2,6283
S2512,6284
IMDH2,6285
FGD3,6286
KLH22,6287
RT22,6288
G45IP,6289
IF2B1,6290
SHH,6291
IMA5,6292
EF1D,6293
SRPK1,6294
TMT1B,6295
N4BP3,6296
DIAP1,6297
PTH2,6298
CC146,6299
CSKI1,6300
R113B,6301
TIM44,6302
ENPL,6303
SPTN1,6304
ZMAT1,6305
ZN322,6306
KIF1C,6307
XYLT1,6308
RENR,6309
TERF1,6310
PSB9,6311
VB11,6312
MUSASHI.1,6313
TMM65,6314
CD206,6315
CP20A,6316
RGPA2,6317
AR6P1,6318
AFG1L,6319
HLA.G,6320
IF4A3,6321
MARE1,6322
EIF3F,6323
NUCKS,6324
PML,6325
IGA,6326
CD137,6327
ISG15,6328
TOPK,6329
UBP34,6330
ACACB,6331
CPSF6,6332
KDM4D,6333
CAN2,6334
GIPC3,6335
PDK2,6336
KI20B,6337
MINK1,6338
SIK1,6339
LYSC,6340
PP4R4,6341
H90B2,6342
VATD,6343
LLPH,6344
H3PT3,6345
ZMYM2,6346
TIGD7,6347
H2BK5AC,6348
RAB7A,6349
VECAD,6350
AP3B2,6351
NOSIP,6352
S4A7,6353
KPCE,6354
GSK3B,6355
FBP12,6356
NRCAM,6357
TPM1,6358
HDAC4,6359
CD163,6360
PHF3,6361
TNIP1,6362
DCNL1,6363
TCPW,6364
CREG2,6365
PRGC2,6366
RHG17,6367
ANKZ1,6368
CAR10,6369
RBMX2,6370
ITIH6,6371
CD245,6372
CEL,6373
CD21,6374
CD328,6375
FRPD3,6376
PTN4,6377
AT2B2,6378
KLK8,6379
SPDE1,6380
HNRPU,6381
PYM1,6382
POC1A,6383
SRSF3,6384
ERLN2,6385
DHC24,6386
UTY,6387
RNH2A,6388
CC14C,6389
IOD2,6390
ARSL,6391
NQO2,6392
ATPK,6393
GGPPS,6394
NKG2C,6395
CD1D,6396
CCD60,6397
WASF2,6398
UNKL,6399
SBP1,6400
SYGP1,6401
DIXC1,6402
HMGN1,6403
DNA2,6404
XIRP1,6405
RENBP,6406
CSRP2,6407
CF251,6408
RN215,6409
GBF1,6410
NOTCH.2,6411
CK042,6412
CHD9,6413
KBP,6414
CD177,6415
TPD54,6416
CYTSA,6417
LFNG,6418
PFKFB4,6419
LIPB1,6420
ZN225,6421
TRI69,6422
CCL14,6423
ZN541,6424
TAP1,6425
SCG3,6426
